onset	duration	nwb_table	trial_type	trial_pulse_rate	trial_response	trial_is_good	init_tone	stim_onset	stim_offset	go_tone	first_commit	second_commit
-0.37931877022652993	3.656957928802589	trials	High-rate	19	no decision	False						
-0.3789847702264637	5.469255663430422	trials	High-rate	19	no decision	False						
-0.3528187702265372	6.019417475728156	trials	High-rate	27	no decision	False						
-0.3399857702264184	3.2038834951456314	trials	Low-rate	6	no decision	False						
-0.330819770226672	4.595469255663431	trials	High-rate	26	no decision	False						
-0.32881877022654626	5.080906148867315	trials	High-rate	27	no decision	False						
-0.3269847702266292	6.860841423948221	trials	Low-rate	7	no decision	False						
-0.23065277022655797	5.987055016181231	trials	High-rate	18	no decision	False						
-0.09415177022616486	3.9482200647249197	trials	Low-rate	7	no decision	False						
-0.0048177702264115005	3.7540453074433664	trials	High-rate	27	no decision	False						
0.01550922977368968	6.019417475728157	trials	High-rate	22	no decision	False						
0.01551222977342108	5.242718446601943	trials	High-rate	21	incorrect	True	1.0096620000000112	1.0693280000002123	2.0693280000002123	2.114657000000123	2.402988999999594	2.7898209999999963
0.015513229773413097	3.5598705501618126	trials	High-rate	16	correct	True	1.039829000000027	1.2114949999999953	2.2114949999999953	2.368322999999975	2.797821999999927	3.0808209999999963
0.015513229773435836	6.2135922330097095	trials	Low-rate	12	no go-tone lick (-1)	False	5.023979999999981	5.1418120000000345	5.761311999999976			
0.015513229773597726	3.818770226537217	trials	High-rate	17	correct	True	1.1059950000001117	1.215994999999879	2.215994999999879	2.2433240000000225	3.0424869999999644	3.3479890000000596
0.015513229773690494	7.411003236245957	trials	Low-rate	6	incorrect	True	2.843660000000149	2.8883209999999964	3.8883209999999964	3.914483999999706	4.684314000000246	4.965979999999981
0.015513229773785081	5.33980582524272	trials	High-rate	26	correct	True	2.711489000000525	2.838989000000525	3.838989000000525	3.8851510000000706	4.561648000000511	4.846814000000246
0.015514229773277786	5.598705501618124	trials	High-rate	22	correct	True	2.821488999999827	2.9203229999998586	3.9203229999998586	3.9274839999997058	4.796146999999648	5.132312999999849
0.015514229773383289	5.113268608414241	trials	Low-rate	6	correct	True	2.4489899999997577	2.5498229999998583	3.5498229999998583	3.5814860000000337	4.244315999999875	4.638148000000045
0.015514229773401477	7.313915857605179	trials	Low-rate	7	correct	True	4.440482000000077	4.541314999999944	5.541314999999944	5.690976999999955	6.479807000000029	6.8639720000003
0.015514229773418759	3.042071197411004	trials	Low-rate	7	correct	True	0.46133199999999486	0.4704979999999632	1.4704979999999632	1.577826999999932	2.18799099999998	2.564655999999959
0.015514229773472419	3.5275080906148872	trials	High-rate	27	correct	True	0.5258310000000056	0.6666650000000373	1.6666650000000371	1.7644930000000167	2.6206560000001917	3.0514880000001283
0.015514229773559731	6.310679611650487	trials	High-rate	27	incorrect	True	1.7768270000005142	1.8779930000002496	2.8779930000002496	2.9379900000002235	3.472652999999933	3.8674849999998697
0.015514229773559731	4.983818770226538	trials	High-rate	26	correct	True	1.6384940000001806	1.7498270000002814	2.7498270000002814	2.8749890000002924	4.200150000000139	4.519982000000076
0.015514229773770732	2.912621359223301	trials	Low-rate	7	correct	True	0.7488310000007041	0.7708290000003762	1.7708290000003764	1.792660000000149	2.052664000000339	2.4394900000002235
0.015514229774021754	5.501618122977348	trials	Low-rate	6	incorrect	True	0.6469969999995082	0.8408300000000745	1.8408300000000746	1.9706590000009163	2.7529890000000594	3.046156999999657
0.015516229773487378	5.695792880258901	trials	Low-rate	6	correct	True	2.587155999999959	2.692155999999959	3.692155999999959	3.7269849999998694	4.7894799999999815	5.208145000000019
0.015679229773580612	6.2135922330097095	trials	High-rate	26	correct	True	2.507657000000123	2.544658000000054	3.544658000000054	3.5906520000000017	4.5276480000000445	5.732310000000056
0.015679229773687933	3.4627831715210355	trials	High-rate	26	correct	True	0.8314970000004396	1.0038289999999106	2.0038289999999104	2.060656999999657	2.4371570000005884	3.007821000000462
0.015680229773109698	3.462783171521036	trials	High-rate	27	correct	True	0.6394970000004396	0.6623309999993071	1.662330999999307	1.720325999999419	2.6674879999998957	2.9713209999995307
0.015680229773298873	6.181229773462785	trials	High-rate	24	correct	True	3.7036520000000017	3.7268189999999013	4.726818999999901	4.736814000000013	5.414145000000018	5.710810999999987
0.01568022977335708	4.368932038834952	trials	Low-rate	12	correct	True	1.6263269999998156	1.7513259999996518	2.7513259999996516	2.7948229999998584	3.334151999999769	3.8854849999998695
0.01568022977341711	6.181229773462785	trials	High-rate	20	incorrect	True	1.136994999999879	1.184994999999879	2.184994999999879	2.29715699999989	3.203152999999933	3.740155000000028
0.015680229773422562	3.171521035598706	trials	Low-rate	6	correct	True	0.5204999999997671	0.6419979999996722	1.641997999999672	1.6558269999998156	2.4168239999997896	2.701488999999827
0.0156802297735026	5.307443365695794	trials	High-rate	23	correct	True	2.6214900000002235	2.7443220000001602	3.7443220000001602	3.811485000000335	4.467149000000209	4.816814000000246
0.01568022977355535	3.592233009708738	trials	High-rate	23	correct	True	0.6463299999998416	0.8584949999998789	1.858494999999879	1.8616639999998734	2.6679890000000595	3.1244869999999647
0.015680229773640843	3.3009708737864085	trials	High-rate	26	correct	True	0.8594969999995082	0.8959969999995082	1.8959969999995083	2.00449199999962	2.508823999999091	2.8283229999998585
0.015680229773873674	3.4627831715210355	trials	Low-rate	6	correct	True	0.7993299999991432	0.9584960000002757	1.9584960000002756	2.07449199999962	2.592656999999657	2.979992999999784
0.01568022977391733	3.2038834951456314	trials	Low-rate	15	correct	True	0.8263340000007302	0.8586640000008047	1.8586640000008046	1.9479930000007153	2.3499910000003874	2.739489000000991
0.015681229773442776	2.4271844660194177	trials	Low-rate	11	no go-tone lick (-1)	False	0.738498999999836	0.836329999999958	1.836329999999958			
0.01568122977361558	4.595469255663431	trials	High-rate	23	correct	True	2.211158000000054	2.2394910000001547	3.2394910000001547	3.3038200000000653	3.8166520000000017	4.11765000000014
0.015681229773710167	3.171521035598706	trials	Low-rate	14	no go-tone lick (-1)	False	1.9503250000001862	1.9821589999999851	2.7171560000004247			
0.015681229773804754	3.2038834951456314	trials	Low-rate	7	correct	True	0.6961650000000372	0.8523289999999106	1.8523289999999106	1.931992999999784	2.321324999999255	2.730489999999292
0.01584622977346548	4.627831715210356	trials	High-rate	27	correct	True	1.8248260000001173	1.954491999999853	2.9544919999998527	2.997820999999996	3.8129839999999384	4.142152999999933
0.015846229773467297	2.9773462783171527	trials	Low-rate	6	correct	True	0.7371639999998734	0.8023300000000745	1.8023300000000746	1.841658999999985	2.1368249999997206	2.514157000000123
0.015846229773481393	5.372168284789644	trials	High-rate	26	incorrect	True	0.7608329999999842	0.8514970000000321	1.8514970000000321	1.9311589999999852	2.5634899999999905	2.941322000000044
0.015846229773503678	5.275080906148868	trials	High-rate	19	incorrect	True	0.7206639999998733	0.85249599999981	1.85249599999981	1.8913260000003502	2.556993999999948	2.84132200000016
0.015847229773249222	3.2038834951456314	trials	High-rate	21	correct	True	0.6974969999995083	0.8834969999999739	1.883496999999974	1.916658999999985	2.419990999999922	2.7278219999996947
0.015847229773329256	3.818770226537217	trials	Low-rate	6	correct	True	1.2663279999999795	1.3763280000002123	2.3763280000002123	2.391823000000091	2.922155000000028	3.3333200000000653
0.015847229773398377	4.886731391585761	trials	High-rate	24	correct	True	2.3218240000000225	2.384991000000038	3.384991000000038	3.3911530000000494	4.017316999999923	4.427648999999976
0.015847229773404744	6.634304207119743	trials	Low-rate	12	incorrect	True	2.0118249999999533	2.2051570000000065	3.2051570000000065	3.2534869999999647	4.175315999999992	4.4898150000000605
0.015847229773420207	4.1747572815534	trials	Low-rate	13	correct	True	1.4666609999998472	1.4956609999998474	2.4956609999998474	2.5948230000000914	3.2843200000000654	3.682817000000039
0.015847229773420207	4.142394822006474	trials	Low-rate	6	correct	True	1.5689930000000167	1.5784939999999479	2.5784939999999477	2.668488999999827	3.385485999999801	3.6674849999998695
0.015847229773431122	6.084142394822007	trials	Low-rate	12	incorrect	True	1.0171629999999423	1.127162000000011	2.1271620000000113	2.2573240000000223	3.211820000000065	3.6389860000000334
0.015847229773434758	5.598705501618124	trials	Low-rate	10	incorrect	True	0.9679959999999265	1.0034949999999954	2.003494999999995	2.0378249999999536	2.8591549999999115	3.1493190000000175
0.01584722977346568	6.634304207119743	trials	Low-rate	12	incorrect	True	1.649326999999932	1.678993999999948	2.678993999999948	2.7649890000000013	3.9033179999999703	4.191983999999997
0.015847229773472957	4.5307443365695805	trials	High-rate	25	correct	True	1.8254930000000167	1.8776599999999162	2.877659999999916	2.959155999999959	3.738819000000134	4.049483999999938
0.015847229773515704	3.7216828478964405	trials	Low-rate	9	correct	True	1.2111620000000112	1.2231620000000112	2.223162000000011	2.368990000000107	2.8894890000000597	3.2763210000001126
0.015847229773520252	3.980582524271845	trials	Low-rate	12	correct	True	1.400328000000096	1.5211610000000801	2.52116100000008	2.537490000000107	3.2279860000000333	3.5151530000000495
0.015847229773529346	4.498381877022656	trials	High-rate	27	correct	True	0.7144970000002068	0.8299969999999739	1.829996999999974	1.8788240000000223	2.6913220000001603	4.027316000000108
0.01584722977354026	4.8220064724919105	trials	High-rate	21	correct	True	2.033660000000149	2.057658999999985	3.057658999999985	3.0588259999998844	4.024650999999838	4.337649999999907
0.015847229773573	7.766990291262138	trials	High-rate	24	no second commit	False	1.4361609999998473	1.5264939999999478	2.526493999999948	2.582325000000186	2.985820999999996	
0.015848229773333097	13.139158576051782	trials	High-rate	26	correct	True	10.302292999999597	10.356126000000163	11.356126000000163	11.45412200000044	12.209452000000514	12.681282999999821
0.015848229773391308	3.754045307443366	trials	Low-rate	9	correct	True	1.079997999999905	1.1138289999999107	2.1138289999999107	2.185489999999991	2.861154999999795	3.2733200000000653
0.01584822977345315	9.029126213592233	trials	High-rate	25	incorrect	True	4.536481000000029	4.5609820000000765	5.5609820000000765	5.669979999999981	6.200976000000141	6.581474000000045
0.015848229773466796	3.13915857605178	trials	Low-rate	10	correct	True	0.4813310000000056	0.535497999999905	1.535497999999905	1.5814930000000167	2.261658000000054	2.671322999999975
0.015851229773217294	3.2686084142394822	trials	High-rate	26	correct	True	0.47216499999957157	0.48733099999977275	1.4873309999997728	1.5073269999995829	2.338656999999657	2.784488999999594
0.015852229773657692	5.760517799352752	trials	High-rate	27	correct	True	2.97932200000016	3.112655000000028	4.112655000000028	4.201483000000008	4.845314000000013	5.283311999999918
0.01601222977370848	5.016181229773464	trials	Low-rate	10	correct	True	2.559989999999292	2.731155999999493	3.731155999999493	3.8219849999994038	4.190816999999806	4.569819999999367
0.01601322977338945	3.721682847896441	trials	High-rate	25	correct	True	0.6834969999999739	0.7916639999999897	1.7916639999999897	1.8141590000001016	2.9713220000000438	3.261654000000097
0.016013229773405822	3.333333333333334	trials	High-rate	16	correct	True	0.7406639999999898	0.8446639999999898	1.8446639999999896	1.968326000000001	2.4604909999999216	2.8578219999999273
0.01601322977346494	5.566343042071199	trials	High-rate	22	incorrect	True	0.9444959999993443	1.0116629999997093	2.0116629999997095	2.090157999999821	2.7284890000000597	3.1278209999995306
0.016013229773528603	6.44012944983819	trials	Low-rate	7	incorrect	True	1.1078329999998677	1.2258329999998678	2.225832999999868	2.3591570000001227	2.774988999999827	4.000817000000039
0.01601322977353406	5.98705501618123	trials	Low-rate	9	incorrect	True	1.4266609999998472	1.511158999999985	2.511158999999985	2.6703219999999273	3.216319999999832	3.5238189999999014
0.01601322977353406	3.333333333333334	trials	Low-rate	6	correct	True	0.49983099999977276	0.7316629999997094	1.7316629999997095	1.8198259999998845	2.4678229999998584	2.86948799999943
0.016013229773581356	5.566343042071199	trials	Low-rate	15	incorrect	True	0.7479969999995083	0.8479970000004395	1.8479970000004395	1.9508259999994189	2.833493999999948	3.1201540000000967
0.01601322977368322	6.051779935275083	trials	High-rate	26	correct	True	3.567819000000134	3.692151999999769	4.692151999999769	4.804646999999881	5.154645000000484	5.56814400000032
0.01601322977377053	3.300970873786408	trials	High-rate	26	correct	True	0.7634969999995083	0.8129969999995083	1.8129969999995084	1.9144909999994562	2.426156999999657	2.8389879999989645
0.016014229773214123	4.724919093851135	trials	High-rate	22	incorrect	True	0.49883199999947103	0.5476650000000373	1.5476650000000371	1.5871609999998473	2.020657999999821	2.3061579999998214
0.016014229773314168	4.3042071197411005	trials	High-rate	21	correct	True	1.40866100000008	1.4358279999999795	2.4358279999999795	2.4513240000000223	3.523152999999933	3.8369849999998697
0.01601422977338329	5.372168284789645	trials	High-rate	22	incorrect	True	0.7426629999999422	0.8526629999999422	1.8526629999999422	1.8754919999999693	2.5304889999999434	2.9291549999999114
0.016014229773437857	6.278317152103561	trials	High-rate	21	correct	True	3.1659879999998957	3.3083209999999963	4.308320999999996	4.324483000000008	5.487978999999817	5.813309999999823
0.016014229773449226	6.375404530744337	trials	High-rate	24	correct	True	3.8596510000000124	3.9838180000000283	4.983818000000029	5.082145000000018	5.621810999999987	5.925642999999982
0.016014229773451502	3.8834951456310685	trials	Low-rate	11	correct	True	1.0971609999999636	1.169662000000011	2.1696620000000113	2.3229899999999906	3.014988000000012	3.4333190000000178
0.016014229773476055	2.8802588996763756	trials	Low-rate	7	correct	True	0.5603310000002384	0.5641640000008047	1.5641640000008046	1.6829960000002757	2.0553250000011176	2.4309900000002234
0.016014229773488788	6.2135922330097095	trials	High-rate	25	incorrect	True	1.5394949999999954	1.5504949999999953	2.5504949999999953	2.716155999999959	3.381487000000081	3.777652000000002
0.016014229773587015	5.987055016181231	trials	High-rate	21	correct	True	3.179155000000028	3.306320000000298	4.306320000000298	4.3906490000002085	5.207480000000214	5.5078120000001505
0.016015229773301637	8.381877022653724	trials	Low-rate	8	incorrect	True	3.338155000000028	3.426652999999933	4.426652999999933	4.490983000000007	5.641979000000051	5.930144000000087
0.016015229773541743	3.624595469255664	trials	High-rate	24	correct	True	0.4853320000001695	0.5874990000000689	1.5874990000000688	1.6029940000001808	2.829656000000192	3.13632200000016
0.016180229772694968	3.5922330097087385	trials	Low-rate	6	correct	True	1.0723300000000746	1.1896619999995455	2.1896619999995455	2.23949199999962	2.7331559999994934	3.109154000000097
0.016180229773233388	4.789644012944985	trials	High-rate	23	correct	True	2.312989999999758	2.3398239999995565	3.3398239999995565	3.3978189999996684	4.050483999999706	4.336314999999944
0.016180229773233388	2.880258899676376	trials	Low-rate	6	correct	True	0.5674969999999739	0.6868300000000745	1.6868300000000744	1.7334930000002495	2.007157999999821	2.417157000000123
0.016180229773295234	6.2135922330097095	trials	Low-rate	11	incorrect	True	0.598164000000339	0.6981629999997094	1.6981629999997094	1.7409930000002496	2.69732200000016	3.76281799999997
0.016180229773298874	5.145631067961167	trials	High-rate	23	incorrect	True	0.86999599999981	0.8766629999997094	1.8766629999997095	1.930158999999985	2.3264899999997577	2.716655999999959
0.016180229773382546	3.495145631067962	trials	Low-rate	6	correct	True	1.0438289999999106	1.0538289999999106	2.0538289999999106	2.082157999999821	2.6428229999998583	3.0293209999999964
0.01618022977340983	3.6569579288025893	trials	Low-rate	9	correct	True	1.0778290000001434	1.1773289999999106	2.1773289999999106	2.238824999999953	2.7684879999998957	3.180654000000097
0.016180229773420745	3.721682847896441	trials	Low-rate	12	correct	True	1.1336630000000587	1.2436600000000326	2.2436600000000326	2.3464930000000166	2.8369879999998955	3.226987000000081
0.01618022977343166	4.0129449838187705	trials	High-rate	20	correct	True	1.5159930000000168	1.6234930000000167	2.6234930000000167	2.7098220000001603	3.2364860000000335	3.5324850000001025
0.016180229773453486	3.5275080906148872	trials	High-rate	23	correct	True	0.6244970000000903	0.700496999999974	1.700496999999974	1.7284930000000167	2.754155000000028	3.05865399999998
0.016180229773457126	6.407766990291263	trials	High-rate	16	incorrect	True	1.6966599999999161	1.7386599999999162	2.7386599999999164	2.80998900000006	3.491985999999801	3.9628170000000393
0.016180229773513514	4.46601941747573	trials	Low-rate	6	correct	True	2.030991999999853	2.1584909999999216	3.1584909999999216	3.211152999999933	3.6171520000000017	4.016483999999939
0.016180229773582636	3.462783171521036	trials	Low-rate	7	correct	True	0.6578310000000056	0.660831000000122	1.660831000000122	1.7839930000000168	2.6006570000002394	3.0053220000001604
0.01618022977358991	4.886731391585762	trials	High-rate	25	correct	True	1.9239920000000856	1.9569920000000858	2.9569920000000858	3.069321000000229	4.141314999999944	4.433982000000077
0.01618022977359173	4.919093851132687	trials	High-rate	22	correct	True	2.0993259999998846	2.2024899999999907	3.2024899999999907	3.255653999999864	4.134317000000039	4.444981999999843
0.016180229773593548	3.786407766990292	trials	High-rate	26	correct	True	1.2319950000001119	1.3339950000001117	2.3339950000001117	2.353991999999853	3.020654999999795	3.3376530000001656
0.016180229773602645	3.9158576051779943	trials	High-rate	22	correct	True	1.0378290000001433	1.1479950000001118	2.147995000000112	2.1489910000001546	3.1209870000001976	3.439152000000235
0.016181229773142642	6.666666666666669	trials	High-rate	26	correct	True	3.6028190000001343	3.7139900000002237	4.713990000000224	4.828980000000447	5.287811999999918	6.189141999999992
0.016181229773424587	3.300970873786408	trials	High-rate	22	correct	True	0.5538310000000056	0.6258310000000056	1.6258310000000056	1.734326000000001	2.5294899999999907	2.8258219999999272
0.016181229773502802	3.3980582524271847	trials	Low-rate	7	correct	True	0.9123310000002384	1.031163000000175	2.0311630000001752	2.0331589999999853	2.5409900000002237	2.92882200000016
0.016181229774088517	5.307443365695795	trials	High-rate	17	incorrect	True	0.9623300000000745	1.0181630000006407	2.0181630000006407	2.1288250000011177	2.4961570000005886	2.887488000000827
0.01618122977419038	5.016181229773464	trials	High-rate	25	correct	True	1.9433260000003503	2.0599920000005514	3.0599920000005514	3.131155000000261	4.240483000000007	4.551649000000209
0.01618222977343752	3.333333333333334	trials	High-rate	27	correct	True	0.4368310000000056	0.5653290000000271	1.565329000000027	1.677996999999974	2.5894880000001286	2.874488000000012
0.016182229773537567	5.663430420711975	trials	High-rate	24	correct	True	3.103654000000097	3.182320000000065	4.1823200000000655	4.217650000000139	4.878979999999982	5.196312000000151
0.016345229773139673	3.171521035598706	trials	High-rate	26	correct	True	0.4364989999989048	0.6311649999991059	1.631164999999106	1.7068259999994189	2.31115799999889	2.7228229999998583
0.016345229773478007	6.7313915857605195	trials	High-rate	27	incorrect	True	0.7651629999997094	0.8618300000000745	1.8618300000000745	1.8811589999999851	3.9194839999997058	4.288316000000108
0.016346229773398176	10.355987055016183	trials	High-rate	27	correct	True	7.573635999999707	7.69813599999994	8.698135999999941	8.768464999999852	9.581627999999792	9.88212599999993
0.016346229773398176	5.987055016181231	trials	Low-rate	7	correct	True	3.306152999999933	3.4453189999999014	4.445318999999901	4.469648000000045	5.002145000000018	5.528310999999987
0.016346229773427277	4.045307443365696	trials	Low-rate	6	correct	True	1.7576599999996834	1.759492999999784	2.759492999999784	2.8119889999995937	3.1768229999998585	3.555485999999568
0.01634622977347821	5.954692556634305	trials	High-rate	24	incorrect	True	0.4364989999998361	0.4618319999999367	1.4618319999999367	1.4876629999997095	2.1276589999999853	3.4959860000000336
0.01634622977347821	4.854368932038836	trials	High-rate	24	incorrect	True	0.43700300000002607	0.4844969999999739	1.484496999999974	1.5831599999996833	1.9856589999999852	2.401989999999758
0.01634622977347821	3.2686084142394827	trials	High-rate	26	correct	True	0.437164000000339	0.658996999999974	1.6589969999999739	1.7598260000003503	2.359823000000324	2.77882200000016
0.01634622977347821	3.0744336569579294	trials	High-rate	26	correct	True	0.43749800000013783	0.5524980000001378	1.5524980000001378	1.6833309999997728	2.297661000000313	2.5974890000000594
0.01634622977347821	3.0744336569579294	trials	Low-rate	10	correct	True	0.4604980000006035	0.6949960000002757	1.6949960000002757	1.8149910000003875	2.2188240000009536	2.5894900000002234
0.01634622977347821	3.042071197411004	trials	Low-rate	7	correct	True	0.437	0.5566650000000373	1.5566650000000373	1.682660000000149	2.062658999999985	2.5634900000002236
0.01634622977347821	3.009708737864078	trials	High-rate	27	correct	True	0.46099799999967217	0.5521639999994077	1.5521639999994077	1.7038259999998846	2.221990999999922	2.5143229999998584
0.01634622977347821	2.9773462783171527	trials	High-rate	22	correct	True	0.4366650000000373	0.4783310000002384	1.4783310000002383	1.5928269999986515	2.079490999999456	2.5253229999998585
0.01634622977347821	2.9773462783171527	trials	Low-rate	6	correct	True	0.4609980000006035	0.467331999999471	1.467331999999471	1.5643269999995828	2.103663999999873	2.4948229999998586
0.01634622977347821	2.9773462783171527	trials	Low-rate	11	correct	True	0.46049899999983607	0.5916649999995716	1.5916649999995716	1.7139939999999478	2.1186589999995196	2.4859900000002235
0.01634622977347821	2.9449838187702273	trials	Low-rate	6	correct	True	0.43699800000013783	0.6534969999999739	1.653496999999974	1.7064930000002496	2.0823249999997206	2.466155999999959
0.01634622977347821	2.880258899676376	trials	Low-rate	6	correct	True	0.46116499999910593	0.5939979999987408	1.5939979999987408	1.6081609999993816	1.9978259999994188	2.393323999999091
0.01634622977347821	2.880258899676376	trials	Low-rate	9	correct	True	0.46149899999983607	0.6391639999998734	1.6391639999998733	1.7608259999998845	2.0359920000000855	2.4164900000002234
0.01634622977347821	1.877022653721683	trials	High-rate	16	no go-tone lick (-1)	False	0.43733199999947103	0.6574969999999739	1.4453269999995828			
0.016347229773038218	3.786407766990292	trials	High-rate	23	correct	True	1.145662000000477	1.4369950000001117	2.436995000000112	2.4893240000000225	2.998987999999896	3.310320000000298
0.01634722977332198	6.2135922330097095	trials	Low-rate	12	incorrect	True	1.408494999999879	1.50416100000008	2.5041610000000802	2.569989999999991	3.484652999999933	3.7769850000001024
0.016347229773409293	4.2718446601941755	trials	Low-rate	6	correct	True	1.523493999999948	1.646660000000149	2.646660000000149	2.795655999999959	3.3893199999998322	3.773152000000002
0.016347229773412932	6.699029126213594	trials	Low-rate	10	incorrect	True	1.7861650000000373	1.878158999999985	2.878158999999985	2.896155000000028	3.932651000000071	4.256649999999907
0.016347229773427483	3.3656957928802593	trials	Low-rate	6	correct	True	1.072662000000011	1.0813289999999105	2.0813289999999105	2.0863249999999534	2.603323000000091	2.889655000000028
0.016347229773460224	2.944983818770227	trials	Low-rate	7	correct	True	0.553664000000339	0.6678309999997728	1.6678309999997727	1.6643260000003501	2.078325000000186	2.475656000000425
0.016347229773472048	9.902912621359222	trials	Low-rate	7	correct	True	7.237138000000035	7.33847100000002	8.33847100000002	8.392966000000015	9.025130999999995	9.420129000000015
0.016347229773486145	3.9482200647249197	trials	High-rate	21	no decision	False						
0.016347229773488417	3.495145631067962	trials	High-rate	25	correct	True	0.8024970000000904	0.9309969999999739	1.9309969999999739	1.9323260000001174	2.7266560000000752	3.0201549999999115
0.016347229773509338	6.116504854368933	trials	High-rate	18	incorrect	True	1.34066100000008	1.4583270000000483	2.4583270000000486	2.598822999999975	3.3829860000000336	3.664652000000002
0.01634722977352389	5.825242718446602	trials	High-rate	25	correct	True	1.9119920000000856	2.0293249999999534	3.0293249999999534	3.131655999999959	4.394316000000108	5.343479000000283
0.016347229773569363	3.2686084142394827	trials	Low-rate	9	correct	True	0.8291630000006408	0.8393290000008419	1.839329000000842	1.9144920000005514	2.432990000001155	2.79398900000006
0.01634722977370033	5.760517799352752	trials	Low-rate	6	correct	True	3.1939890000000597	3.2013199999993667	4.201319999999367	4.293483000000007	4.911480000000447	5.289311999999918
0.016347229773816745	2.9126213592233015	trials	Low-rate	7	correct	True	0.46149900000076743	0.5578320000004023	1.5578320000004022	1.558828000000678	2.0776590000009163	2.4419910000013187
0.016347229773816745	2.880258899676376	trials	Low-rate	7	correct	True	0.4606660000002012	0.5603320000004023	1.5603320000004024	1.6721610000003129	2.0601590000009162	2.433824000000954
0.016348229773416774	5.598705501618124	trials	High-rate	18	incorrect	True	1.1718289999999105	1.1931619999997785	2.1931619999997785	2.2278249999999535	2.8809890000000595	3.1734879999998955
0.01651322977337217	4.660194174757282	trials	High-rate	25	correct	True	1.072662000000244	1.1979950000001118	2.1979950000001116	2.2594910000001547	3.8729839999999385	4.174149999999907
0.016513229773449933	4.0129449838187705	trials	High-rate	21	correct	True	1.2334949999999953	1.3958269999999902	2.3958269999999904	2.4919899999999906	3.118987000000023	3.5243189999999593
0.01651322977369777	5.3721682847896455	trials	High-rate	23	correct	True	2.5704900000002233	2.7313219999996945	3.7313219999996945	3.828985000000335	4.461651999999769	4.897313000000082
0.016680229773495325	3.624595469255664	trials	High-rate	27	correct	True	0.6664979999996722	0.6959970000004396	1.6959970000004396	1.735492999999784	2.81132300000079	3.1369859999995677
0.016681229773450053	3.689320388349515	trials	High-rate	25	correct	True	0.9098299999999581	1.0034959999999846	2.0034959999999846	2.0978249999999536	2.908489000000001	3.2023209999999382
0.016846229773289034	3.786407766990292	trials	Low-rate	7	correct	True	1.0761619999995455	1.1121619999995456	2.1121619999995453	2.2583219999996946	2.920487999999896	3.326485999999568
0.017013229773493132	5.275080906148869	trials	High-rate	22	correct	True	2.0534919999999692	2.1751570000000067	3.1751570000000067	3.2679860000000334	4.36498199999996	4.785814000000013
0.017013229773562254	6.148867313915859	trials	Low-rate	12	correct	True	3.5204860000000333	3.536652000000002	4.536652000000002	4.610646000000182	5.250478000000119	5.6526440000000875
0.01701422977282122	5.307443365695795	trials	High-rate	24	incorrect	True	0.7803300000000745	0.7868309999993071	1.786830999999307	1.8809929999997839	2.370162000000477	2.867822000000626
0.017180229773549893	5.1132686084142405	trials	High-rate	24	correct	True	2.5809900000002237	2.6351570000003557	3.6351570000003557	3.6781520000000016	4.30982200000016	4.623983000000007
0.017180229773597188	4.919093851132687	trials	High-rate	26	incorrect	True	0.667664000000339	0.7319970000004395	1.7319970000004397	1.8571590000004508	2.495990000000689	2.8871550000002606
0.017181229773484612	6.278317152103561	trials	Low-rate	10	correct	True	3.588151999999769	3.6699850000003353	4.669985000000335	4.764148000000045	5.416144999999553	5.82114400000032
0.01734522977404917	3.009708737864078	trials	High-rate	17	correct	True	0.43733200000040234	0.5316650000009686	1.5316650000009686	1.6604940000008792	2.1231570000005884	2.527327000000514
0.01734622977313624	3.5598705501618126	trials	Low-rate	15	correct	True	0.8131629999997094	0.9673289999999106	1.9673289999999106	2.084157999999821	2.602155999999493	3.112486999999732
0.017346229773429096	6.666666666666668	trials	Low-rate	13	incorrect	True	1.126328000000096	1.1741620000000113	2.174162000000011	2.283657000000123	3.1738199999999486	3.6144850000001023
0.01734622977347821	3.236245954692557	trials	High-rate	26	correct	True	0.4608320000004023	0.5069980000006035	1.5069980000006036	1.566160000000149	2.4576569999996574	2.763488000000827
0.01734622977347821	3.2038834951456314	trials	Low-rate	8	correct	True	0.4608310000002384	0.6513290000003763	1.6513290000003762	1.6843310000002385	2.431657000000123	2.723823000000324
0.01734622977347821	3.009708737864078	trials	Low-rate	7	correct	True	0.4611649999995716	0.7023300000000745	1.7023300000000745	1.740992999999784	2.133990999999922	2.5383220000001603
0.01734622977347821	2.912621359223301	trials	Low-rate	11	correct	True	0.4368300000000745	0.5713310000002384	1.5713310000002385	1.66682600000035	2.0411580000002867	2.442657000000123
0.01734622977347821	2.6860841423948223	trials	Low-rate	6	correct	True	0.4371650000000373	0.6121639999998734	1.6121639999998734	1.7034929999997839	1.822996999999974	2.218990999999456
0.01734622977347821	1.9741100323624599	trials	Low-rate	7	no go-tone lick (-1)	False	0.43733100000023845	0.636664000000339	1.5438270000000485			
0.017346229773543696	3.4304207119741106	trials	Low-rate	9	correct	True	0.9633299999991431	1.0753289999999105	2.0753289999999107	2.1849910000003874	2.5664900000002233	2.962322000000626
0.017347229773443853	3.786407766990292	trials	High-rate	21	correct	True	1.1393279999999795	1.2959949999999953	2.295994999999995	2.3414899999999905	3.008988000000012	3.3194869999999645
0.017347229773456586	3.6245954692556634	trials	High-rate	16	correct	True	0.9379960000002757	1.0601620000000112	2.060162000000011	2.1863270000002815	2.84732200000016	3.1474880000001284
0.017347229773693056	5.728155339805826	trials	Low-rate	7	incorrect	True	0.5971650000000372	0.7018310000002385	1.7018310000002383	1.792825999999419	2.8171559999994935	3.278321000000462
0.017349229773423343	3.721682847896441	trials	Low-rate	13	correct	True	1.153496999999974	1.250832999999984	2.250832999999984	2.2809919999999693	2.8311619999998947	3.2356549999999116
0.01751322977348131	4.7896440129449855	trials	High-rate	25	correct	True	2.1784909999999216	2.310990999999689	3.310990999999689	3.3503199999998325	4.001983999999939	4.303482999999774
0.017514229773388745	10.485436893203886	trials	High-rate	26	correct	True	7.201804999999702	7.311970999999903	8.311970999999904	8.450466000000015	9.686459999999963	9.992958999999798
0.017515229773454433	5.177993527508091	trials	High-rate	22	correct	True	2.629657999999821	2.7383229999998586	3.7383229999998586	3.755652999999933	4.405649999999907	4.707153999999864
0.017680229773779085	3.3980582524271847	trials	High-rate	27	correct	True	0.6786639999998734	0.7673300000000745	1.7673300000000745	1.823658999999985	2.618823000000324	2.9289880000003614
0.017682229773450256	3.0420711974110035	trials	Low-rate	11	correct	True	0.5091659999999684	0.5516659999997355	1.5516659999997355	1.610494999999879	2.137493000000017	2.544990999999922
0.017847229772885425	3.0420711974110035	trials	Low-rate	6	correct	True	0.5834979999996722	0.6766629999987781	1.676662999998778	1.7701589999999852	2.155990999999456	2.5699889999991283
0.01784722977346841	7.734627831715212	trials	Low-rate	10	incorrect	True	2.146158000000054	2.156658000000054	3.156658000000054	3.183987000000081	3.8381509999999546	5.282645000000018
0.01784822977352591	3.721682847896441	trials	High-rate	22	correct	True	1.1086620000000111	1.2628279999997467	2.2628279999997467	2.264490999999922	2.7868219999999275	3.2668200000000653
0.018013229773465395	5.33980582524272	trials	High-rate	26	no decision	False						
0.01801422977388351	6.051779935275082	trials	Low-rate	10	incorrect	True	1.365828000000678	1.475661000000313	2.4756610000003128	2.5426570000005886	3.318652999999933	3.6061520000007006
0.018018229773702425	3.5598705501618126	trials	High-rate	26	correct	True	0.9009960000002757	1.0196620000000112	2.0196620000000114	2.097990999999922	2.73182200000016	3.061820999999996
0.018180229773413468	7.249190938511328	trials	High-rate	21	incorrect	True	2.5258239999997896	2.6413229999998586	3.6413229999998586	3.7624849999998697	4.403149999999907	4.80931399999978
0.01818022977352261	4.401294498381878	trials	Low-rate	6	correct	True	1.7544970000000903	1.8986590000001016	2.898658999999985	2.986657000000123	3.5276530000001656	3.9204850000001024
0.018181229773280887	6.763754045307445	trials	Low-rate	15	incorrect	True	2.4163240000000226	2.454490999999456	3.454490999999456	3.563986000000499	4.052984000000172	4.350983000000007
0.018346229773421367	5.113268608414241	trials	High-rate	24	incorrect	True	0.4369989999999525	0.5306650000000372	1.5306650000000372	1.5991599999999744	2.14549099999998	2.660823000000033
0.01834622977347821	5.987055016181231	trials	Low-rate	9	incorrect	True	0.4613309999993071	0.6189969999995083	1.6189969999995082	1.740160000000149	2.10299199999962	2.5351549999993295
0.01834622977347821	3.0420711974110035	trials	Low-rate	7	correct	True	0.46099900000006894	0.5173319999999366	1.5173319999999366	1.5988270000000484	2.2893249999999536	2.572157000000123
0.01834622977347821	2.84789644012945	trials	Low-rate	9	correct	True	0.460997999999905	0.5826629999999423	1.5826629999999422	1.6098270000000485	2.002659000000218	2.3933240000000224
0.01834822977342041	6.375404530744338	trials	Low-rate	7	incorrect	True	1.3786620000000112	1.411494999999879	2.4114949999998787	2.4473249999999536	3.604820000000065	3.9119860000000335
0.018513229773456753	4.919093851132687	trials	High-rate	26	no decision	False						
0.018514229773410572	7.411003236245956	trials	High-rate	27	incorrect	True	3.0124890000005253	3.119655000000261	4.119655000000261	4.191316999999806	4.567149999999907	4.951314999999944
0.018515229773465345	7.119741100323626	trials	Low-rate	6	correct	True	4.653649999999907	4.736316000000108	5.736316000000108	5.774310999999754	6.281810000000056	6.66047399999993
0.01868022977303694	3.2686084142394827	trials	Low-rate	7	correct	True	0.4698309999993071	0.6056639999998733	1.6056639999998734	1.727158999999985	2.3794899999992922	2.7988219999996944
0.01868022977342984	3.462783171521036	trials	High-rate	26	correct	True	0.8126630000000005	0.8824969999999739	1.8824969999999739	2.0138250000000117	2.696988999999943	3.009820999999996
0.018680229773531704	4.368932038834953	trials	Low-rate	14	correct	True	2.0454920000000856	2.098995000000112	3.098995000000112	3.1913209999999963	3.6096520000002346	3.8928180000004358
0.018681229773444597	8.867313915857608	trials	Low-rate	6	incorrect	True	3.9254839999997055	4.047984000000171	5.047984000000171	5.074147000000346	5.87080999999959	6.442472999999765
0.018846229772786993	3.3009708737864085	trials	High-rate	25	correct	True	0.7929960000002757	0.8946629999997094	1.8946629999997093	2.028657999999821	2.523322999998927	2.8176549999993297
0.018847229773201926	4.951456310679612	trials	High-rate	24	correct	True	1.8834920000000857	2.018658999999985	3.018658999999985	3.110654000000097	4.0623169999998066	4.482149000000208
0.01884722977348387	4.886731391585761	trials	High-rate	26	correct	True	2.056990999999922	2.057657999999821	3.057657999999821	3.186486999999732	3.9844819999998435	4.409648999999743
0.01884822977360049	5.436893203883496	trials	High-rate	27	incorrect	True	0.9698300000000745	1.045663000000175	2.045663000000175	2.1248250000001865	2.515823000000091	3.0093220000001604
0.018849229773273277	4.2718446601941755	trials	High-rate	27	correct	True	1.6603279999999796	1.7406609999998472	2.7406609999998475	2.856321999999927	3.383653999999864	3.8089859999998006
0.01901422977344877	3.6569579288025893	trials	Low-rate	9	correct	True	0.8158300000000163	0.9483300000000163	1.9483300000000163	2.0154920000000276	2.7993219999999854	3.210987000000023
0.019180229773466218	6.019417475728156	trials	Low-rate	10	correct	True	3.4124870000001972	3.4398200000000654	4.439820000000065	4.595649000000209	5.282645000000018	5.57081100000022
0.01918022977373907	5.889967637540455	trials	Low-rate	6	incorrect	True	1.3471629999997095	1.4489960000000428	2.448996000000043	2.497490999999922	3.152821999999927	3.433154000000097
0.019180229773939156	3.398058252427185	trials	Low-rate	13	correct	True	0.8159969999995083	1.0124960000002756	2.012496000000276	2.128824999999255	2.5063240000000224	2.9203219999996946
0.019181229773447325	3.818770226537217	trials	High-rate	24	correct	True	1.2086620000000112	1.2546620000000113	2.2546620000000113	2.3243249999999533	2.9489890000000596	3.355652999999933
0.019346229773436373	3.7216828478964405	trials	Low-rate	7	correct	True	1.235999000000069	1.3623270000000485	2.3623270000000485	2.3946550000000277	2.8573220000001602	3.2529870000001972
0.01934622977347821	6.084142394822008	trials	High-rate	22	incorrect	True	0.43699799999967215	0.7018300000000746	1.7018300000000746	1.7853300000000745	2.26348900000006	2.639155999999959
0.019513229773420373	4.0129449838187705	trials	High-rate	25	correct	True	0.8123299999999581	0.892996999999974	1.8929969999999738	2.0251589999999853	2.5726570000000066	3.5324860000000333
0.019517229773530327	3.236245954692557	trials	High-rate	22	correct	True	0.7299959999999264	0.8539960000000428	1.8539960000000428	1.9619909999999217	2.4509899999999907	2.745988000000012
0.019675229773803534	3.980582524271845	trials	High-rate	24	correct	True	1.0769899999992922	1.2364890000000597	2.2364890000000597	2.312316999999806	3.1049819999998434	3.530480000000447
0.019679229773485116	4.433656957928804	trials	High-rate	27	correct	True	1.532326999999932	1.6038270000000485	2.6038270000000483	2.6441560000000752	3.677652000000002	3.9626539999999806
0.01968022977345076	4.466019417475729	trials	Low-rate	7	correct	True	1.939329999999958	2.0478250000000116	3.0478250000000116	3.1091539999999807	3.600485999999975	3.991316999999981
0.019681229773480066	5.210355987055018	trials	High-rate	23	incorrect	True	0.5653310000000056	0.7051629999999423	1.7051629999999423	1.7851590000001014	2.2128240000000226	2.497989999999991
0.019846229773464567	2.653721682847897	trials	High-rate	26	no go-tone lick (-1)	False	1.482494000000006	1.6019940000000061	2.21499099999998			
0.0198472297732856	4.368932038834953	trials	High-rate	27	correct	True	1.6893260000003503	1.7124930000007152	2.7124930000007152	2.819155000000261	3.607151999999769	3.9039840000001713
0.019847229773479323	3.9482200647249197	trials	High-rate	27	correct	True	1.060662000000011	1.1129949999999953	2.1129949999999953	2.215824000000022	3.1411539999999802	3.4669860000000337
0.019847229773502062	5.760517799352752	trials	High-rate	20	incorrect	True	0.9378289999999105	1.0758290000001434	2.0758290000001436	2.136326000000117	2.910655000000261	3.3333200000000653
0.02001322977297745	3.915857605177994	trials	High-rate	26	correct	True	1.0573289999999107	1.1721619999995456	2.1721619999995454	2.262324000000022	3.1363209999995307	3.4581529999990015
0.02001422977340239	10.87378640776699	trials	High-rate	18	incorrect	True	6.253309000000009	6.258474999999977	7.258474999999977	7.323970999999903	8.089133999999962	8.45079999999993
0.020014229773482422	5.6957928802589	trials	Low-rate	13	incorrect	True	0.5783310000000056	0.5951640000001062	1.5951640000001062	1.7369930000001332	2.7703230000000914	3.2409869999999645
0.02017922977340053	4.53074433656958	trials	Low-rate	7	correct	True	1.889658999999985	2.007657999999821	3.007657999999821	3.0806539999996314	3.687651000000071	4.0734830000000075
0.020180229773171545	4.336569579288027	trials	High-rate	20	correct	True	1.7638270000000484	1.7738270000000484	2.7738270000000482	2.7933229999998583	3.574152999999933	3.88281799999997
0.020180229773470768	4.46601941747573	trials	High-rate	17	correct	True	1.45566100000008	1.5859930000000169	2.5859930000000166	2.6859890000000597	3.676984999999986	3.998317000000039
0.020345229773139673	3.1067961165048548	trials	Low-rate	14	correct	True	0.4606649999995716	0.6151639999998734	1.6151639999998733	1.6933279999997466	2.3738239999995567	2.6541549999993292
0.02034622977347821	3.2362459546925573	trials	High-rate	25	correct	True	0.4609980000006035	0.5979969999995083	1.5979969999995083	1.6486629999997093	2.4674900000002236	2.7789890000000597
0.02034622977347821	3.2362459546925573	trials	Low-rate	9	correct	True	0.460831999999471	0.6141639999994076	1.6141639999994077	1.6791609999998474	2.4894959999993445	2.7733229999998583
0.02034622977347821	3.042071197411004	trials	High-rate	17	correct	True	0.4366650000000373	0.5583320000000531	1.5583320000000531	1.684661000000022	2.1628250000000118	2.563823000000033
0.02034622977347821	1.7799352750809063	trials	High-rate	18	no go-tone lick (-1)	False	0.43699799999967215	0.6706639999994077	1.3374949999996462			
0.020514229773363278	4.207119741100325	trials	Low-rate	7	correct	True	1.3738279999999796	1.4153279999999795	2.4153279999999797	2.49765699999989	3.3349869999999644	3.7383179999999703
0.020679229773149514	3.592233009708738	trials	High-rate	26	correct	True	0.8799960000002757	0.9934960000002757	1.9934960000002757	2.1129920000005513	2.725489000000991	3.137154000000097
0.020679229773451463	4.142394822006474	trials	High-rate	17	correct	True	0.8414959999998101	1.0336620000004768	2.033662000000477	2.091825000000186	3.333819000000134	3.6496520000002346
0.02067922977367156	3.462783171521036	trials	Low-rate	9	correct	True	0.6498310000002384	0.7526640000001061	1.7526640000001061	1.785158999999985	2.6044900000002236	2.999654000000097
0.020680229773402555	5.760517799352752	trials	Low-rate	15	incorrect	True	1.1978270000000484	1.2019950000001118	2.2019950000001116	2.2586580000000542	3.051654000000097	3.345152000000002
0.02068122977354646	4.336569579288027	trials	High-rate	18	correct	True	1.828159999999916	1.8814930000000167	2.8814930000000167	2.923489999999991	3.559652999999933	3.8819849999998697
0.020845229773514388	4.466019417475729	trials	Low-rate	8	correct	True	1.7883260000001173	1.9484930000002496	2.9484930000002496	3.058154000000097	3.715319000000134	3.9984840000001713
0.02084722977344931	3.0420711974110035	trials	Low-rate	6	correct	True	0.5789979999999633	0.7321639999999897	1.7321639999999898	1.843496999999974	2.23149099999998	2.596322999999975
0.020849229773469726	5.6957928802589	trials	High-rate	26	correct	True	2.349489999999758	2.390489999999991	3.390489999999991	3.494152000000002	4.674648000000045	5.233811999999918
0.021013229773343068	5.857605177993529	trials	High-rate	21	incorrect	True	1.1926620000000112	1.287994999999879	2.2879949999998788	2.33265699999989	3.0098219999999274	3.4108199999998323
0.021013229773521328	12.556634304207122	trials	Low-rate	8	correct	True	9.861293999999994	9.987793000000064	10.987793000000064	11.040956000000005	11.694120000000112	12.088284999999916
0.02101422977338511	4.854368932038836	trials	High-rate	26	correct	True	1.9756589999997523	2.0428260000001175	3.0428260000001175	3.140153999999864	4.100149999999907	4.395483000000008
0.021014229773388744	12.815533980582526	trials	High-rate	24	correct	True	10.495958999999798	10.5837910000002	11.5837910000002	11.590454000000841	12.07445100000035	12.373784000000917
0.021180229773584455	6.828478964401296	trials	High-rate	16	incorrect	True	2.315657000000123	2.343160000000149	3.343160000000149	3.3444860000002663	3.9776510000003036	4.390149000000209
0.0211812297733973	4.110032362459548	trials	High-rate	21	correct	True	1.38999599999981	1.4361620000000113	2.436162000000011	2.579158000000287	3.321655000000261	3.6429870000001974
0.021181229773517354	4.045307443365696	trials	Low-rate	9	correct	True	1.6361609999998472	1.6614939999999478	2.661493999999948	2.6631569999998903	3.188654999999795	3.587485999999801
0.021346229773092584	10.67961165048544	trials	Low-rate	9	correct	True	8.285299999999813	8.401466000000015	9.401466000000015	9.47113300000038	9.846294000000693	10.2204589999998
0.02134622977347821	3.236245954692557	trials	High-rate	24	correct	True	0.4609980000006035	0.5739979999996722	1.5739979999996723	1.661160000000149	2.3319900000002236	2.7473229999998585
0.02134622977347821	2.8802588996763756	trials	Low-rate	7	correct	True	0.46099800000013785	0.5864980000001379	1.5864980000001379	1.6153270000000484	2.1334910000003875	2.4153240000000222
0.021347229773361998	5.6310679611650505	trials	High-rate	18	incorrect	True	0.4606659999999683	0.5861650000000372	1.5861650000000374	1.7156589999999852	2.6638229999998586	3.2121540000003295
0.021347229773365638	6.116504854368934	trials	Low-rate	13	incorrect	True	0.8379960000002756	0.9531630000001751	1.9531630000001752	1.9706599999996834	3.248654999999795	3.6894860000000333
0.021347229773405654	4.983818770226538	trials	High-rate	17	correct	True	2.224492000000086	2.339158999999985	3.339158999999985	3.375819999999832	4.040984000000171	4.519986000000033
0.021347229773475685	5.016181229773464	trials	High-rate	26	incorrect	True	0.43716500000009545	0.4436650000000373	1.4436650000000373	1.555996000000101	2.0779920000000276	2.588657000000065
0.021347229773546625	2.880258899676376	trials	Low-rate	6	correct	True	0.6114980000001379	0.7230000000001164	1.7230000000001164	1.7726600000001491	2.05332500000007	2.4173240000000225
0.021514229773437858	3.3009708737864085	trials	High-rate	18	correct	True	0.6138310000000056	0.8116639999998734	1.8116639999998734	1.8248260000001173	2.349324000000255	2.81132200000016
0.021680229773255216	3.6569579288025893	trials	High-rate	27	correct	True	0.8534970000004396	1.0096629999997093	2.0096629999997093	2.128158999999985	2.776155999999493	3.187155000000261
0.021847229774107784	3.3656957928802593	trials	Low-rate	8	correct	True	1.2303270000000484	1.2526650000009685	2.2526650000009685	2.279658000000287	2.5299900000002236	2.89382200000016
0.022010229773458873	3.7540453074433664	trials	Low-rate	12	correct	True	0.9406599999999162	1.0411589999997524	2.041158999999752	2.068654999999795	2.7839859999998007	3.3053169999998064
0.022012229773552047	3.9482200647249197	trials	Low-rate	7	no decision	False						
0.02201322977349768	5.113268608414241	trials	Low-rate	7	correct	True	2.6443230000000915	2.71832200000016	3.71832200000016	3.7209850000001023	4.248649999999907	4.659148000000277
0.0220132297734995	5.501618122977348	trials	High-rate	25	correct	True	2.820656000000192	2.92698900000006	3.92698900000006	3.93731799999997	4.7371480000002775	5.035147000000114
0.0220142297734324	6.2135922330097095	trials	High-rate	18	incorrect	True	1.3526660000011326	1.387328000000678	2.387328000000678	2.5161570000005886	3.281987000000663	3.7976520000007
0.02201422977350698	6.2135922330097095	trials	Low-rate	6	correct	True	2.890489999999991	3.0189889999998267	4.018988999999827	4.032152000000002	5.342813000000082	5.738810999999987
0.022014229774050858	3.7216828478964405	trials	High-rate	16	correct	True	1.3604960000002757	1.3659950000001118	2.3659950000001118	2.4904910000003873	2.854489000000991	3.253655000001192
0.02218022977326249	3.009708737864078	trials	Low-rate	10	correct	True	0.8349950000001117	0.8778289999999106	1.8778289999999105	1.9099930000002496	2.1623249999997207	2.5528229999998584
0.022180229773422565	5.210355987055018	trials	High-rate	27	incorrect	True	0.7079970000004396	0.7588300000010059	1.7588300000010058	1.8746580000007524	2.3761570000005885	2.768156000000425
0.02218022977344439	6.828478964401296	trials	Low-rate	7	correct	True	4.359981999999843	4.439648000000976	5.439648000000976	5.483311000000685	5.981809000000357	6.36564100000076
0.022181229773451872	3.13915857605178	trials	Low-rate	6	correct	True	0.6018329999996349	0.7124989999998361	1.7124989999998361	1.769493999999948	2.29099199999962	2.680989999999758
0.0221812297735792	3.9158576051779943	trials	Low-rate	7	correct	True	1.2626620000000113	1.348996999999974	2.348996999999974	2.3736580000002867	3.024821000000229	3.4269860000002663
0.022345229773480735	3.5275080906148872	trials	High-rate	22	correct	True	0.4371639999999898	0.5889969999999739	1.588996999999974	1.6978259999998846	2.7693219999999275	3.074820000000065
0.022345229773480735	2.944983818770227	trials	Low-rate	11	correct	True	0.43749699999997393	0.5491639999999898	1.5491639999999898	1.6258260000000009	2.015658999999985	2.497989999999991
0.02234622977347821	3.074433656957929	trials	Low-rate	11	correct	True	0.46066399999987334	0.5789970000004396	1.5789970000004396	1.6693259999998846	2.2069910000003876	2.6048229999998584
0.02234622977347821	2.8802588996763756	trials	Low-rate	9	correct	True	0.4613310000000056	0.557997999999905	1.557997999999905	1.6036599999999162	2.129325000000186	2.4144899999999905
0.022346229773652835	2.9773462783171527	trials	Low-rate	6	correct	True	0.6944969999999739	0.7348300000005402	1.73483000000054	1.75532600000035	2.1348250000001863	2.5216560000004247
0.022347229773418843	3.1067961165048543	trials	High-rate	26	correct	True	0.43683299999998415	0.5026659999999683	1.5026659999999683	1.5928279999999795	2.3529919999999693	2.65099099999998
0.02234722977345113	3.818770226537217	trials	High-rate	21	correct	True	0.5638310000000056	0.5783310000000056	1.5783310000000055	1.6923259999998845	2.9274879999998955	3.326152999999933
0.022347229774035023	3.5275080906148877	trials	High-rate	22	correct	True	0.6211639999998734	0.7451639999998734	1.7451639999998734	1.8666589999999852	2.7604890000000597	3.053821000000462
0.02251422977341421	4.304207119741101	trials	Low-rate	11	correct	True	1.6066599999999163	1.7086599999996834	2.7086599999996834	2.857654999999795	3.5564859999998006	3.852316999999806
0.022514229773767096	3.8511326860841426	trials	Low-rate	7	correct	True	1.5191610000003128	1.5856610000003128	2.585661000000313	2.6246570000005884	3.003655000000261	3.385654000000097
0.022678229773858714	3.462783171521036	trials	High-rate	21	correct	True	0.7718300000010059	0.7895	1.7895	1.8954920000005513	2.6739890000000597	2.9871540000000967
0.022681229773463697	4.660194174757282	trials	Low-rate	9	correct	True	1.965158999999985	2.083991999999969	3.083991999999969	3.104655000000028	3.9058169999999808	4.209985999999975
0.022681229773644684	8.867313915857608	trials	High-rate	26	correct	True	6.279808000000194	6.390640999999829	7.390640999999829	7.491137000000104	7.976635000000708	8.39963300000038
0.02268222977333748	4.368932038834952	trials	Low-rate	6	correct	True	2.0514919999998527	2.1128249999999533	3.1128249999999533	3.1153209999999962	3.4954859999998007	3.88931799999997
0.02284622977309986	9.190938511326863	trials	High-rate	26	correct	True	6.368973999999463	6.484639999999665	7.484639999999665	7.543635999999009	8.158966999999247	8.71696499999985
0.022847229773458405	5.889967637540455	trials	High-rate	16	incorrect	True	0.9611660000000265	1.0316620000000112	2.031662000000011	2.18949099999998	3.1696539999999804	3.450652000000002
0.022847229773467502	5.987055016181231	trials	High-rate	20	incorrect	True	2.051825000000186	2.159492999999784	3.159492999999784	3.216654000001028	3.710819000000134	4.204984000000171
0.02301422977402903	3.3980582524271847	trials	Low-rate	10	correct	True	0.6516639999998733	0.7816680000005289	1.781668000000529	1.8881610000003128	2.5356570000005885	2.938322000000626
0.0231802297734262	3.333333333333334	trials	Low-rate	12	correct	True	0.7023300000000745	0.9088300000000745	1.9088300000000744	1.9393260000001173	2.4554900000002235	2.86982200000016
0.023180229773549894	6.019417475728157	trials	High-rate	26	incorrect	True	1.3833279999999795	1.4234950000001119	2.423495000000112	2.5503240000000225	3.0619879999998956	3.5786530000001657
0.023181229773446416	7.055016181229775	trials	High-rate	21	correct	True	4.487649000000093	4.625983000000008	5.625983000000008	5.761645000000018	6.307476000000024	6.607142000000109
0.023181229773568287	3.5598705501618126	trials	High-rate	20	correct	True	0.5958320000000531	0.6854980000000214	1.6854980000000215	1.729996000000043	2.8093229999999747	3.097655000000028
0.02334622977347821	3.5275080906148872	trials	High-rate	27	correct	True	0.43649800000013783	0.6051640000001062	1.6051640000001062	1.6588260000001174	2.7853210000002293	3.0681540000000966
0.02334622977347821	3.4304207119741106	trials	High-rate	24	no decision	False						
0.02334622977347821	2.84789644012945	trials	Low-rate	11	correct	True	0.46149800000013785	0.5186650000000372	1.5186650000000372	1.540660000000149	1.9616589999999852	2.3706570000005884
0.023348229773416773	4.433656957928804	trials	Low-rate	9	correct	True	1.5491599999999162	1.6601599999999161	2.6601599999999164	2.6651559999999592	3.591819000000134	3.9899839999999385
0.02351222977300999	3.3980582524271847	trials	Low-rate	9	correct	True	0.8158289999999105	0.9408289999999105	1.9408289999999107	1.995824999999255	2.522156999999657	2.919819999999367
0.02351322977338854	3.786407766990292	trials	High-rate	27	correct	True	1.3088279999999795	1.4184940000001807	2.4184940000001807	2.4644890000000594	2.9844880000001286	3.305820000000065
0.023513229773484946	8.025889967637541	trials	Low-rate	8	correct	True	5.381645000000251	5.506810999999987	6.506810999999987	6.6236400000001305	7.158969999999972	7.566636000000173
0.02351422977346878	6.601941747572817	trials	Low-rate	7	correct	True	4.05065100000007	4.180483000000008	5.180483000000008	5.274312000000035	5.84864300000004	6.140309000000008
0.023514229773510618	7.346278317152105	trials	Low-rate	6	correct	True	4.92065000000014	5.021812000000151	6.021812000000151	6.110309000000125	6.4851410000002945	6.882638999999966
0.023515229773478533	8.381877022653724	trials	Low-rate	6	correct	True	5.596978000000061	5.709978000000061	6.709978000000061	6.758473000000056	7.4103040000000036	7.910135000000009
0.023680229773604462	5.242718446601943	trials	High-rate	23	incorrect	True	0.8289950000010431	0.8553300000000745	1.8553300000000745	1.9251589999999852	2.3136570000005885	2.8203220000006257
0.024013229773308505	4.466019417475729	trials	Low-rate	15	correct	True	1.8981589999997523	1.94015699999989	2.94015699999989	3.0358209999997636	3.457818999999901	3.9898169999998063
0.02401322977347858	3.5922330097087385	trials	High-rate	21	correct	True	0.7856639999999897	0.8959970000000321	1.8959970000000321	1.9224919999999692	2.7076560000000174	3.123488000000012
0.024013229773617733	6.634304207119743	trials	Low-rate	12	correct	True	4.17514900000114	4.264650000000373	5.264650000000373	5.37131200000085	5.757644000000321	6.161642000000924
0.024014229773381468	5.016181229773463	trials	Low-rate	9	incorrect	True	0.6548300000005401	0.738164000000339	1.738164000000339	1.8299920000000858	2.298824000000488	2.5939890000000596
0.024014229773414213	2.9773462783171527	trials	Low-rate	13	correct	True	0.6536650000000372	0.7443310000002384	1.7443310000002383	1.8328289999999106	2.117657999999821	2.503657000000123
0.02401422977347242	3.3656957928802593	trials	High-rate	27	correct	True	0.6901639999999898	0.7833310000000056	1.7833310000000056	1.9274930000000168	2.606989999999991	2.9091560000000753
0.024180229773408012	4.0129449838187705	trials	High-rate	20	correct	True	1.0884960000002757	1.1786630000006408	2.1786630000006406	2.2911579999998213	3.0824879999998958	3.533992000000551
0.024180229773640843	5.501618122977348	trials	High-rate	22	incorrect	True	1.1374950000001118	1.1569949999991804	2.1569949999991804	2.277656999999657	2.6699890000000597	3.060486999999732
0.024181229773428226	5.016181229773464	trials	High-rate	20	incorrect	True	0.9806640000001061	0.9979970000000903	1.9979970000000904	2.040993000000133	2.540991000000038	2.9116560000000753
0.024342229773943055	3.042071197411004	trials	High-rate	21	correct	True	0.4373270000005141	0.542161000000313	1.542161000000313	1.6216570000005885	2.259154000000097	2.589652999999933
0.02434622977347821	3.2362459546925573	trials	Low-rate	11	correct	True	0.4368310000000056	0.49816299999994224	1.4981629999999422	1.6251599999999162	2.1863249999999534	2.7514899999999907
0.02434622977347821	3.1067961165048548	trials	Low-rate	12	correct	True	0.4369980000000214	0.4443310000000056	1.4443310000000056	1.576826999999932	2.1053249999999535	2.6414919999999693
0.02434622977347821	2.880258899676376	trials	High-rate	17	correct	True	0.4608320000001695	0.5676650000000373	1.5676650000000372	1.5824940000001806	2.1159910000001547	2.4059899999999907
0.02451322977403974	3.883495145631069	trials	Low-rate	7	correct	True	1.3259940000008792	1.5299940000008792	2.529994000000879	2.635154000000097	3.000154000000097	3.401986000000499
0.02468022977337709	2.3300970873786406	trials	Low-rate	6	no go-tone lick (-1)	False	0.9043339999999153	0.9823299999998417	1.8958259999998845			
0.024680229773487137	4.692556634304207	trials	Low-rate	11	correct	True	2.181991999999969	2.2506579999999374	3.2506579999999374	3.272819000000018	3.811152999999933	4.240317000000039
0.024681229774059413	7.66990291262136	trials	High-rate	24	correct	True	5.162646000000648	5.272978000001051	6.272978000001051	6.28664100000076	6.774640000000596	7.191970000000671
0.02484722977347614	3.721682847896441	trials	Low-rate	9	correct	True	1.1418280000000378	1.247829000000027	2.247829000000027	2.297158000000054	2.8479890000000596	3.2521540000000386
0.02501222977306092	3.2038834951456314	trials	Low-rate	6	correct	True	0.8228300000000746	0.8873279999997467	1.8873279999997468	1.9608249999997207	2.347489999999758	2.7248219999996945
0.025014229773410574	3.9482200647249197	trials	High-rate	26	correct	True	1.3424950000001117	1.4736600000010804	2.47366000000108	2.5386570000005886	3.072321000000462	3.48531799999997
0.025014229773513346	5.889967637540455	trials	High-rate	22	correct	True	2.9311549999999116	2.9583219999999275	3.9583219999999275	4.069483999999939	4.962146999999881	5.403145000000019
0.02501422977356337	5.9223300970873805	trials	High-rate	23	correct	True	2.530824000000022	2.5811570000001227	3.5811570000001227	3.67748600000015	4.888481000000029	5.447145000000135
0.025014229773568826	4.5631067961165055	trials	Low-rate	7	correct	True	1.947660000000149	2.0459920000000857	3.0459920000000857	3.173155000000028	3.699320000000065	4.101151000000071
0.025179229773258652	4.110032362459548	trials	High-rate	26	correct	True	0.9429959999993444	1.1101609999993816	2.1101609999993816	2.209658999999985	3.2299859999986364	3.6523179999990387
0.025181229773570107	3.495145631067962	trials	High-rate	27	correct	True	0.5186650000000372	0.6054980000001379	1.6054980000001378	1.6269939999999479	2.705489999999991	3.009321999999927
0.025181229773782926	8.640776699029129	trials	High-rate	21	correct	True	5.7474769999999555	5.852476999999955	6.852476999999955	6.9549719999991355	7.870133999999613	8.198467999999412
0.0251812297741249	4.433656957928804	trials	Low-rate	7	correct	True	2.0566590000009164	2.1248250000011177	3.1248250000011177	3.210154000000097	3.593486000000499	3.9604840000001715
0.025184229773525243	3.5598705501618126	trials	Low-rate	6	correct	True	0.7586640000001061	0.8524959999999264	1.8524959999999264	1.988326000000001	2.5368240000000224	3.084655000000028
0.02534622977336907	4.207119741100325	trials	High-rate	26	correct	True	1.3614939999999478	1.3899939999990165	2.3899939999990165	2.499655999999493	3.404318999999203	3.718650999998674
0.025347229773465228	3.398058252427185	trials	High-rate	27	no decision	False						
0.02534722977353844	4.660194174757282	trials	Low-rate	10	correct	True	2.2029909999999218	2.3378240000000226	3.3378240000000226	3.464652999999933	3.8391520000000017	4.216983999999939
0.02534722977359847	4.46601941747573	trials	Low-rate	6	correct	True	1.783158999999985	1.8368249999999535	2.8368249999999535	2.9431540000000966	3.5949860000000333	3.9959840000001714
0.02534822977345679	4.7896440129449855	trials	High-rate	23	correct	True	1.8314930000000167	1.9206600000000327	2.9206600000000327	2.9668219999999272	4.02081799999997	4.326649999999907
0.025348229773464067	8.381877022653725	trials	Low-rate	8	incorrect	True	2.9234899999997577	3.0248219999999275	4.0248219999999275	4.144150999999838	5.614978999999818	5.9256439999998545
0.025513229773705046	5.533980582524273	trials	Low-rate	9	correct	True	2.769655999999959	2.87932200000016	3.87932200000016	4.00265100000007	4.6464819999998435	5.059813000000082
0.025514229773554272	4.692556634304208	trials	Low-rate	9	correct	True	2.1719909999999216	2.1844910000001545	3.1844910000001545	3.292319000000134	3.815653000000166	4.23048300000024
0.025681229773443687	7.766990291262138	trials	Low-rate	6	correct	True	5.312644999999902	5.321311999999918	6.321311999999918	6.402639999999898	6.921471999999951	7.301136999999872
0.025681229773470062	3.689320388349515	trials	Low-rate	11	correct	True	1.1196610000000802	1.2483290000001435	2.2483290000001435	2.260825000000186	2.6983230000000913	3.2239870000001973
0.025846229772925236	5.63106796116505	trials	Low-rate	7	incorrect	True	0.6826640000008046	0.8188300000000746	1.8188300000000746	1.887658999999985	2.8653219999996944	3.2051540000000966
0.025847229773110977	9.773462783171523	trials	Low-rate	14	incorrect	True	4.8419799999995154	4.994313000000082	5.994313000000082	6.098809000000357	7.055137999999337	7.336969999999739
0.026013229773370353	5.016181229773464	trials	High-rate	27	incorrect	True	1.117328000000678	1.176828000000678	2.176828000000678	2.308156000000425	2.8138220000006258	3.187820000000298
0.02601322977346312	7.184466019417477	trials	Low-rate	8	correct	True	4.207484000000171	4.336816000000108	5.336816000000108	5.3989780000001195	6.289975000000093	6.7018070000002625
0.026014229773352365	3.236245954692557	trials	Low-rate	11	correct	True	0.670831999999471	0.8826639999998733	1.8826639999998733	1.984325999999419	2.4979909999994563	2.782822999998927
0.026015229773482626	5.98705501618123	trials	High-rate	26	no decision	False						
0.02634622977347821	5.145631067961167	trials	Low-rate	13	incorrect	True	0.4364980000006035	0.5261639999998733	1.5261639999998733	1.626492999999784	2.2604910000003873	2.6851550000002606
0.02634622977347821	2.1682847896440136	trials	Low-rate	7	no decision	False						
0.026347229773074597	3.1391585760517806	trials	Low-rate	6	correct	True	0.7533339999997989	0.8321639999998733	1.8321639999998733	1.9188259999994188	2.1893249999997204	2.678155999999959
0.026347229773418388	9.902912621359226	trials	High-rate	18	correct	True	6.938305000000168	7.035476000000024	8.035476000000024	8.050134000000078	9.16029600000009	9.463461999999826
0.0265122297734802	6.278317152103561	trials	Low-rate	10	correct	True	3.803984999999986	3.9171509999999543	4.917150999999954	5.0373129999999655	5.4116459999999496	5.80430999999994
0.026513229773493588	3.689320388349515	trials	High-rate	27	correct	True	1.29366100000008	1.3819940000000643	2.381994000000064	2.492990000000049	2.8523210000000545	3.220987000000081
0.026513229773566804	3.5275080906148872	trials	High-rate	21	correct	True	0.9438300000000746	1.1674960000002756	2.1674960000002756	2.2699920000005513	2.771656000001356	3.054155000001192
0.02651422977350516	3.3980582524271847	trials	High-rate	26	correct	True	0.49133100000000557	0.4949980000000214	1.4949980000000214	1.5821600000000327	2.6508230000000914	2.9378219999999273
0.026680229773262492	5.533980582524273	trials	High-rate	26	incorrect	True	0.6711639999998733	0.7571629999997094	1.7571629999997094	1.7739920000000857	2.68532200000016	3.101154000000097
0.026680229773401645	3.462783171521036	trials	Low-rate	6	correct	True	0.815997999999905	0.9858289999999106	1.9858289999999106	2.099991999999853	2.620822999999975	2.9958209999999963
0.026680229773405284	5.857605177993529	trials	High-rate	25	correct	True	2.81798900000006	2.9971550000000278	3.9971550000000278	4.132316999999922	5.114812999999965	5.416978999999934
0.026847229773403834	6.051779935275082	trials	High-rate	27	incorrect	True	1.3723279999999796	1.4971599999999161	2.497159999999916	2.5853230000000913	3.226652000000002	3.62231799999997
0.02684722977342839	3.5922330097087385	trials	High-rate	26	correct	True	0.8043299999999581	0.9998289999999106	1.9998289999999106	2.0329919999998527	2.819655000000028	3.1208209999999963
0.027014229773459686	3.2038834951456314	trials	Low-rate	12	correct	True	0.4784980000000214	0.5586650000000373	1.5586650000000373	1.6621600000000325	2.357491000000038	2.7543220000000437
0.027016229773469187	5.825242718446603	trials	High-rate	18	incorrect	True	1.4083289999999107	1.5276620000004768	2.527662000000477	2.6116579999998213	3.0011560000004245	3.3781550000002607
0.027179229773509672	2.8802588996763756	trials	Low-rate	6	no go-tone lick (-1)	False	1.3379949999999954	1.3558279999999796	2.3558279999999794			
0.027180229773528065	3.754045307443366	trials	High-rate	27	correct	True	1.0516620000000112	1.0933290000001434	2.093329000000143	2.226990999999922	3.0079869999999644	3.2994869999999645
0.027180229773588093	11.165048543689322	trials	High-rate	26	incorrect	True	6.513474000000162	6.765307000000263	7.765307000000263	7.774136000000174	8.44263400000031	8.738466000000015
0.027180229773597187	3.883495145631069	trials	Low-rate	10	correct	True	1.3974940000004135	1.4223270000005142	2.422327000000514	2.436157000000123	2.990654000000097	3.4156529999999328
0.027345229773139676	5.016181229773464	trials	High-rate	27	incorrect	True	0.4608310000002384	0.5119979999996722	1.5119979999996722	1.5694939999999478	2.076157999999821	2.5953229999998584
0.02734622977347821	5.85760517799353	trials	High-rate	22	incorrect	True	0.43699900000030173	0.5941650000000372	1.5941650000000374	1.668160000000149	2.04549599999981	2.4404900000002234
0.02734622977347821	5.728155339805826	trials	High-rate	22	incorrect	True	0.46049800000013785	0.5611640000001061	1.5611640000001061	1.684160000000149	2.3503230000000914	2.7338220000001603
0.02734622977347821	3.689320388349515	trials	High-rate	23	correct	True	0.4606649999995716	0.6764969999995083	1.6764969999995083	1.8086589999995195	2.9148219999996945	3.2261519999993036
0.027508229773256555	3.236245954692557	trials	Low-rate	7	correct	True	0.7758249999992549	0.8886579999998212	1.8886579999998212	1.9216539999991655	2.416651999999769	2.7876510000005363
0.02751422977345241	9.385113268608416	trials	High-rate	27	correct	True	6.732639999999898	6.850472999999998	7.850472999999998	7.9129689999998085	8.632631999999983	8.932297999999951
0.02768122977341913	4.498381877022655	trials	High-rate	26	correct	True	1.2794960000002757	1.36633000000054	2.36633000000054	2.4544900000002237	3.4696530000003984	4.042151000000536
0.0278462297734582	7.119741100323626	trials	Low-rate	12	incorrect	True	2.1436579999999377	2.2506579999999374	3.2506579999999374	3.339318999999901	4.361148999999976	4.669813999999897
0.027847229773531164	3.6569579288025893	trials	High-rate	24	correct	True	0.7386640000001061	0.8256640000001062	1.825664000000106	1.8484930000000168	2.895655000000028	3.185320999999996
0.027847229773543897	3.009708737864078	trials	Low-rate	7	correct	True	0.6998349999999628	0.836664000000339	1.836664000000339	1.896158999999985	2.1513250000001864	2.5469909999999216
0.028012229773463827	4.0129449838187705	trials	High-rate	23	correct	True	1.1129950000001119	1.2198279999999795	2.2198279999999797	2.329322000000044	3.258653000000166	3.567819000000134
0.028013229773421282	4.886731391585761	trials	High-rate	27	incorrect	True	0.6473299999996088	0.7686629999997094	1.7686629999997094	1.8133259999998845	2.1964890000000596	2.594154999999795
0.02801422977348606	4.174757281553399	trials	Low-rate	10	correct	True	1.6538270000000483	1.7889930000000167	2.788993000000017	2.807490000000049	3.328820000000007	3.727152000000002
0.028180229773291595	3.1391585760517806	trials	Low-rate	8	correct	True	0.6271640000008046	0.7039970000004396	1.7039970000004396	1.771160000000149	2.2953240000000226	2.6683229999998583
0.02818022977341347	6.407766990291264	trials	Low-rate	6	correct	True	3.7221520000000017	3.8279850000001026	4.827985000000102	4.894981000000145	5.557310999999987	5.952476999999956
0.028180229773597187	3.495145631067962	trials	High-rate	26	correct	True	0.8164970000004396	0.9056660000002011	1.9056660000002013	1.95999199999962	2.6429900000002235	3.0306550000002606
0.02818122977368834	2.8802588996763756	trials	Low-rate	6	correct	True	0.5383310000002384	0.6333300000010058	1.6333300000010058	1.691827000000514	2.0704920000005513	2.433824000000954
0.02818222977371765	3.7540453074433664	trials	High-rate	26	correct	True	0.8348309999997727	1.3114960000002758	2.3114960000002758	2.363992000000086	2.962655999999959	3.290655000000261
0.028347229773475684	3.2362459546925573	trials	Low-rate	7	no decision	False						
0.0283472297735057	4.660194174757282	trials	High-rate	25	correct	True	2.048658999999985	2.257659999999916	3.257659999999916	3.3343199999998325	3.914149999999674	4.200483999999938
0.028347229773816745	5.080906148867315	trials	Low-rate	11	incorrect	True	0.46033300000056626	0.5624989999998361	1.562498999999836	1.648328000000678	2.2418260000012813	2.6569910000003873
0.02851222977336651	3.6245954692556634	trials	High-rate	27	correct	True	0.8479959999993444	0.9991619999995455	1.9991619999995456	2.087824999999255	2.7321549999993295	3.177154000000097
0.02851422977323595	4.23948220064725	trials	High-rate	26	correct	True	1.3941609999993816	1.5211599999996834	2.5211599999996834	2.537655999999959	3.4599859999995677	3.771983999999706
0.028514229773461505	3.4304207119741106	trials	Low-rate	6	correct	True	1.0703300000000746	1.1629949999991804	2.1629949999991807	2.214660000000149	2.584656999999657	2.9706549999993292
0.028514229773494246	3.2038834951456314	trials	Low-rate	13	no decision	False						
0.028680229773510785	5.048543689320389	trials	Low-rate	9	correct	True	2.4073240000000222	2.4841570000000064	3.4841570000000064	3.503820000000007	4.175650000000023	4.570649000000034
0.02868122977325542	4.983818770226538	trials	High-rate	26	no decision	False						
0.02884622977346184	5.889967637540455	trials	High-rate	26	incorrect	True	1.499660000000149	1.5229930000000167	2.522993000000017	2.574158999999985	3.072159000000218	3.4646520000002345
0.02884722977368578	3.624595469255664	trials	High-rate	27	correct	True	0.7856639999998734	0.8738299999991432	1.8738299999991432	1.9564920000005512	2.8389890000000597	3.1521549999993295
0.029014229772668425	8.187702265372168	trials	High-rate	27	correct	True	5.649308999999426	5.6923099999995905	6.6923099999995905	6.811971999999601	7.408303999999538	7.715634999999777
0.02901422977345241	6.7637540453074445	trials	High-rate	27	correct	True	3.86181799999997	3.8663179999999704	4.86631799999997	4.885147999999812	5.957142999999924	6.2711419999997595
0.02918022977337709	6.116504854368933	trials	Low-rate	11	incorrect	True	1.5514939999999477	1.6648270000000485	2.6648270000000482	2.689988999999827	3.375152999999933	3.6931520000000018
0.029180229773437115	3.818770226537217	trials	High-rate	26	correct	True	1.0586630000000006	1.253329000000027	2.253329000000027	2.30849099999998	2.978486999999965	3.366319999999949
0.029181229773442778	4.724919093851135	trials	Low-rate	7	correct	True	1.9548260000000008	2.026326000000001	3.026326000000001	3.0324880000000123	3.726484999999986	4.248983000000007
0.02918122977399393	3.818770226537217	trials	High-rate	27	correct	True	0.6024980000006035	0.6888310000002384	1.6888310000002384	1.7988310000002383	2.8634890000000595	3.355654000001028
0.029343229773485784	4.077669902912623	trials	Low-rate	7	correct	True	1.5506570000000066	1.586823000000033	2.586823000000033	2.7064860000000337	3.226649999999965	3.6123150000000024
0.02934622977347821	3.6569579288025893	trials	High-rate	21	correct	True	0.4610010000001639	0.6428310000002384	1.6428310000002384	1.773163000000175	2.8984879999998956	3.1924869999997316
0.02934622977347821	3.592233009708738	trials	High-rate	27	correct	True	0.43733200000040234	0.5618310000002384	1.5618310000002384	1.568327000000514	2.0416580000007527	3.1241540000000967
0.02934622977347821	3.009708737864078	trials	High-rate	25	correct	True	0.4370009999999311	0.5453320000001695	1.5453320000001696	1.5906609999998473	2.2449909999999216	2.55965699999989
0.029347229773529347	5.533980582524273	trials	Low-rate	6	correct	True	2.395157000000356	2.598323000000324	3.598323000000324	3.6161520000002345	4.656815000000177	5.059813000000082
0.029347229773816746	2.912621359223301	trials	Low-rate	6	correct	True	0.4611660000002012	0.578331999999471	1.578331999999471	1.6848269999995829	2.06249199999962	2.4368240000000223
0.02951322977329759	4.077669902912622	trials	High-rate	27	correct	True	0.5968310000002384	0.7444960000002757	1.7444960000002756	1.7904920000005513	3.029986999999732	3.596485000000335
0.029514229773486972	5.792880258899677	trials	Low-rate	7	correct	True	2.995320999999996	3.2054869999999647	4.205486999999964	4.245483000000007	4.942146999999998	5.352143999999971
0.029516229773454635	3.2686084142394827	trials	High-rate	19	correct	True	0.5656650000000373	0.5981639999998734	1.5981639999998734	1.6071599999999162	2.50565699999989	2.8154890000000594
0.029680229773298872	2.8155339805825244	trials	High-rate	26	no go-tone lick (-1)	False	1.6196599999996832	1.722492999999784	2.3766569999996574			
0.029847229773714883	2.9773462783171527	trials	Low-rate	6	correct	True	0.8216630000001751	0.8258290000003763	1.8258290000003763	1.8724930000007152	2.114325000000186	2.5109900000002234
0.030013229773224834	6.893203883495147	trials	Low-rate	7	correct	True	4.468148999999277	4.597314999999479	5.597314999999479	5.660310999998822	6.053641999999061	6.4439729999993
0.030180229773468948	3.3009708737864085	trials	Low-rate	7	correct	True	0.9739959999999265	0.9761620000000112	1.976162000000011	2.072991999999969	2.4511570000000065	2.826822000000044
0.03018122977352827	14.23948220064725	trials	Low-rate	7	correct	True	11.638788000000641	11.758786999999545	12.758786999999545	12.799947999999858	13.305781000000424	13.803612000000664
0.030346229773469114	4.660194174757282	trials	High-rate	20	correct	True	1.931663000000175	2.096158000000054	3.096158000000054	3.112654000000097	3.9384840000001713	4.225648999999976
0.03034622977347821	5.792880258899677	trials	Low-rate	12	incorrect	True	0.4603320000001695	0.4764980000001378	1.4764980000001378	1.5358270000000485	3.021655000000028	3.367320000000065
0.03034622977347821	5.177993527508092	trials	High-rate	26	incorrect	True	0.46116500000003724	0.6754969999999739	1.6754969999999738	1.8029970000002067	2.323157000000123	2.7396559999999592
0.03034622977347821	2.783171521035599	trials	Low-rate	9	correct	True	0.4611649999998044	0.4714989999998361	1.471498999999836	1.5024939999999478	1.9154929999997838	2.3296579999998213
0.03034722977349842	3.8511326860841426	trials	High-rate	26	correct	True	1.433828000000096	1.5343270000000484	2.5343270000000486	2.5994890000000597	3.1001540000000967	3.398820000000065
0.030514229773476058	4.110032362459548	trials	Low-rate	6	correct	True	1.587996999999974	1.7118269999998157	2.7118269999998157	2.832490999999922	3.225653999999864	3.632985999999801
0.03068022977354262	5.242718446601943	trials	High-rate	17	incorrect	True	0.6644970000000904	0.6801640000001061	1.6801640000001061	1.819158999999985	2.498990000000107	2.7884890000000597
0.030681229773772013	3.5598705501618126	trials	Low-rate	6	no decision	False						
0.03101322977389422	3.0420711974110035	trials	Low-rate	15	correct	True	0.6526639999998733	0.7059970000004396	1.7059970000004396	1.7071600000010803	2.226324000000022	2.6041560000004247
0.031014229773337815	5.016181229773464	trials	Low-rate	10	correct	True	2.1238279999997465	2.256490999999922	3.256490999999922	3.3208199999998325	4.274649999999907	4.571314999999944
0.03117822977347309	4.045307443365696	trials	High-rate	23	correct	True	0.7589990000000107	0.9921630000000005	1.9921630000000006	2.055325000000012	3.164487000000023	3.58165200000006
0.03134622977347821	5.436893203883495	trials	High-rate	26	incorrect	True	0.4606650000005029	0.6016630000001751	1.601663000000175	1.734658000000287	2.621155999999959	2.9979880000003614
0.03134622977347821	5.339805825242719	trials	High-rate	22	incorrect	True	0.4364980000000214	0.48533099999988916	1.4853309999998892	1.500826999999932	2.515655999999959	2.9356539999999804
0.03134622977347821	3.1391585760517806	trials	High-rate	27	correct	True	0.43733199999993666	0.476497999999905	1.476497999999905	1.6108269999998155	2.391655999999959	2.7046559999997264
0.03134722977290725	1.6828478964401297	trials	Low-rate	10	no go-tone lick (-1)	False	0.46099799999967217	0.5796639999998734	1.2579939999999479			
0.03134722977324922	3.3656957928802593	trials	Low-rate	15	correct	True	0.9729960000002756	1.0483290000003762	2.0483290000003764	2.1588240000000223	2.5164900000002235	2.9046550000002607
0.03134722977341293	7.734627831715212	trials	High-rate	26	incorrect	True	0.5559979999996721	0.6181639999998734	1.6181639999998734	1.6433269999995828	2.1698249999997206	2.4648219999996943
0.03134722977349297	3.171521035598706	trials	High-rate	21	correct	True	0.6681650000000372	0.6689980000000214	1.6689980000000215	1.7706599999999162	2.4201579999999376	2.7273249999999534
0.03134722977353117	3.9158576051779943	trials	High-rate	19	correct	True	1.1469959999999264	1.271829000000027	2.271829000000027	2.348823999999906	3.130488000000012	3.444154000000097
0.03134722977354572	5.016181229773464	trials	High-rate	22	correct	True	2.0553250000001864	2.1349909999999217	3.1349909999999217	3.150820999999996	4.222315999999875	4.540815000000177
0.03134722977377309	5.436893203883496	trials	High-rate	23	incorrect	True	0.7094970000004396	0.7484969999995083	1.7484969999995084	1.843160000000149	2.604655999999493	2.9878220000006257
0.03151322977346494	10.226537216828483	trials	High-rate	25	incorrect	True	5.267478999999934	5.414478000000003	6.414478000000003	6.473973999999988	7.101304000000003	7.795301999999967
0.03151422977346605	9.838187702265373	trials	High-rate	27	no decision	False						
0.031514229773679785	5.016181229773464	trials	High-rate	24	incorrect	True	0.5994980000001379	0.7183310000002384	1.7183310000002385	1.7889939999999478	2.2211639999998734	2.595156000000425
0.031516229773600156	3.721682847896441	trials	Low-rate	6	correct	True	1.2171620000000112	1.3659950000001118	2.3659950000001118	2.3724910000001547	2.890155000000028	3.2864870000001973
0.031846229773504584	4.466019417475729	trials	Low-rate	8	correct	True	1.8194930000000167	1.8334919999999693	2.8334919999999695	2.859820999999996	3.61131799999997	4.0058170000000395
0.03184722977296546	6.763754045307445	trials	Low-rate	9	correct	True	4.3453159999996425	4.350483000000008	5.350483000000008	5.4214780000001195	5.924643000000157	6.314807999999262
0.03184822977340404	4.46601941747573	trials	High-rate	25	incorrect	True	0.5751650000000372	0.6903310000000056	1.6903310000000056	1.691660000000149	2.3568249999999535	2.8869890000000598
0.032013229773483136	5.63106796116505	trials	Low-rate	9	correct	True	2.9014879999998957	3.039152999999933	4.039152999999933	4.130983000000008	4.7756469999999975	5.1819789999999335
0.032015229773509006	3.624595469255664	trials	Low-rate	7	correct	True	1.0963290000001433	1.1378279999999794	2.1378279999999794	2.23882500000007	2.7959890000000596	3.169654000000097
0.03218022977349533	4.466019417475729	trials	High-rate	26	correct	True	1.540827000000514	1.592827000000514	2.592827000000514	2.725489000000991	3.6478190000001343	3.989984000000171
0.03218022977350169	4.724919093851134	trials	High-rate	27	correct	True	2.244660999999964	2.3756580000000542	3.3756580000000542	3.481320000000007	3.9726500000000233	4.26531600000005
0.03218122977348507	7.313915857605179	trials	High-rate	19	correct	True	4.617149000000034	4.618981000000029	5.618981000000029	5.705977000000013	6.577141000000061	6.87830600000004
0.03234522977359443	4.983818770226538	trials	High-rate	21	incorrect	True	0.46066399999987334	0.7043319999999367	1.7043319999999367	1.7433259999998845	2.1543240000000226	2.5658229999998583
0.032346229773478216	4.75728155339806	trials	High-rate	20	incorrect	True	0.4609980000006035	0.6894970000004396	1.6894970000004397	1.763158999999985	2.163824000000022	2.5401559999994934
0.032346229773478216	2.9773462783171527	trials	High-rate	26	correct	True	0.43716499999997904	0.5104980000000214	1.5104980000000214	1.6234949999999952	2.2598250000000117	2.541323000000033
0.032346229773478216	2.9449838187702273	trials	Low-rate	12	correct	True	0.460997999999905	0.47216500000003725	1.4721650000000372	1.585660000000149	2.1028250000001862	2.5028229999998586
0.03234722977347569	3.2362459546925573	trials	Low-rate	7	correct	True	0.43683199999993666	0.5313360000000102	1.5313360000000102	1.5524930000000168	2.3648240000000222	2.781655999999959
0.032513229773574084	10.097087378640778	trials	Low-rate	8	correct	True	7.251138000000268	7.2749710000003684	8.274971000000368	8.376299000000115	9.250794999999925	9.666128000000493
0.03251422977344423	4.336569579288027	trials	Low-rate	13	correct	True	1.7144929999999003	1.8674929999999004	2.8674929999999	2.971488000000012	3.3588199999999486	3.8846519999998854
0.032679229773164065	3.4304207119741106	trials	Low-rate	7	correct	True	0.9849949999991804	0.9876620000004769	1.9876620000004768	2.084823999999091	2.582155000000261	2.964652999999933
0.03268022977342802	4.0129449838187705	trials	High-rate	27	correct	True	1.3628279999997466	1.404993999999948	2.404993999999948	2.438156999999657	3.2299869999997317	3.546818999999901
0.032682229773211974	4.8220064724919105	trials	Low-rate	8	correct	True	2.1989920000000858	2.3126570000001228	3.3126570000001228	3.3854870000001975	3.933985000000335	4.359149999999907
0.032846229773435466	6.343042071197413	trials	High-rate	21	correct	True	3.0934869999999646	3.1461519999998853	4.146151999999885	4.170982999999891	5.3979779999998865	5.873475999999908
0.032847229773459774	4.53074433656958	trials	Low-rate	7	no decision	False						
0.03284922977344972	6.4724919093851145	trials	High-rate	16	correct	True	3.9076529999994674	4.030151999999769	5.030151999999769	5.051647999999579	5.724978999999817	6.018310999999754
0.03301322977343766	5.760517799352751	trials	High-rate	27	incorrect	True	1.0778290000001434	1.2078280000002124	2.2078280000002124	2.246324000000022	2.810655000000028	3.325153000000166
0.03301322977346131	5.695792880258901	trials	High-rate	18	incorrect	True	1.158329000000027	1.1873279999999795	2.1873279999999795	2.192491000000038	2.8608220000000437	3.2651539999999803
0.033014229773737996	3.689320388349515	trials	High-rate	18	correct	True	0.7224980000006035	0.8993320000004024	1.8993320000004024	2.0448250000001864	2.8438220000015573	3.237654000001028
0.03301822977339047	3.2362459546925573	trials	Low-rate	7	correct	True	0.6684970000000904	0.7166629999999422	1.7166629999999423	1.8484919999999692	2.3626570000000067	2.7816550000000277
0.03318022977346986	6.828478964401295	trials	High-rate	26	correct	True	4.026149999999965	4.13298299999995	5.13298299999995	5.203978999999992	6.087807999999961	6.382474999999976
0.03318122977343914	3.495145631067962	trials	High-rate	25	correct	True	0.9654959999999846	1.0993289999999687	2.099328999999969	2.1089920000000273	2.7319890000000013	3.041820999999996
0.03318122977345733	5.016181229773464	trials	Low-rate	9	correct	True	2.361490999999922	2.3791579999998214	3.3791579999998214	3.4609860000000334	4.1404839999999385	4.543814999999944
0.033345229773367055	5.33980582524272	trials	Low-rate	15	incorrect	True	0.46066400000010616	0.4653310000000056	1.4653310000000055	1.5768260000001173	2.4054899999999906	2.8954879999998955
0.033346229773421825	3.8511326860841426	trials	Low-rate	7	correct	True	1.1359949999998789	1.24216100000008	2.2421610000000802	2.3259900000002234	2.989655000000028	3.3836529999999327
0.03334622977347822	2.9773462783171523	trials	Low-rate	7	correct	True	0.4371650000009686	0.6333310000002385	1.6333310000002383	1.7468260000003502	2.127661000000313	2.5173229999998585
0.03334622977347822	2.912621359223301	trials	Low-rate	9	correct	True	0.4606650000002701	0.5528310000000056	1.5528310000000056	1.5768270000000484	2.068158000000054	2.4559899999999906
0.033346229773480035	4.466019417475729	trials	High-rate	22	correct	True	1.8303260000001174	1.9488260000001174	2.948826000000117	3.0418210000002293	3.717155999999959	4.014484000000172
0.03334622977350004	10.258899676375407	trials	High-rate	27	correct	True	7.425636999999173	7.559635999999941	8.55963599999994	8.582969999998808	9.512966999999248	9.807460999999195
0.03334622977351459	5.33980582524272	trials	High-rate	19	correct	True	2.1359920000000856	2.2369909999999216	3.2369909999999216	3.2918199999998325	4.567148000000045	4.873646999999881
0.03334722977381675	5.307443365695794	trials	High-rate	22	incorrect	True	0.46049900000076743	0.5736650000009685	1.5736650000009687	1.6588269999995828	2.0418260000003503	2.423161000000313
0.03334822977344588	7.216828478964403	trials	High-rate	23	correct	True	4.482648999999743	4.581482999999775	5.581482999999775	5.663476999999722	6.47497499999986	6.770973999999696
0.033351229773451944	5.04854368932039	trials	High-rate	21	correct	True	2.487489999999991	2.5083230000000913	3.5083230000000913	3.6639849999998697	4.2969840000001716	4.600815000000177
0.03351322977345948	6.9902912621359246	trials	Low-rate	8	correct	True	4.220982999999775	4.249649999999907	5.249649999999907	5.336811999999918	6.155308999999892	6.552306999999797
0.03351522977321797	4.563106796116506	trials	High-rate	23	correct	True	1.725660000000149	1.738492999999784	2.738492999999784	2.8309890000000597	3.7036520000007003	4.118816999999806
0.03367522977356343	6.245954692556636	trials	High-rate	26	incorrect	True	2.5799850000003355	2.618652000000235	3.618652000000235	3.6766480000000445	4.431978000000119	4.9396430000001565
0.03368022977350715	7.831715210355989	trials	Low-rate	7	correct	True	5.341645000000018	5.478811000000045	6.478811000000045	6.586640000000072	6.974639000000025	7.3684700000000305
0.03368122977345187	7.411003236245957	trials	Low-rate	8	correct	True	4.773814999999944	4.8848139999998965	5.8848139999998965	5.951809999999823	6.584140999999828	6.957972999999882
0.03384722977297274	5.857605177993529	trials	Low-rate	6	incorrect	True	1.1188289999999106	1.2991610000003129	2.299161000000313	2.3078240000000223	3.1169869999997317	3.434319000000134
0.03384722977361302	4.789644012944985	trials	Low-rate	6	correct	True	2.2366579999998213	2.3641580000007525	3.3641580000007525	3.3969870000006632	3.9411510000005365	4.322150000000373
0.03401322977340855	4.110032362459548	trials	Low-rate	6	correct	True	1.719158999999985	1.7933260000001174	2.793326000000117	2.8328209999999965	3.248652999999933	3.65631799999997
0.03401322977352679	5.728155339805826	trials	Low-rate	11	incorrect	True	1.1044950000001117	1.1163290000001433	2.1163290000001433	2.1464900000002234	2.9634880000001287	3.2904869999999646
0.03401322977356681	3.4304207119741106	trials	Low-rate	8	correct	True	0.8943300000000745	1.0296629999997093	2.0296629999997093	2.10699199999962	2.6099900000002236	2.980821000000462
0.034013229773908776	3.2362459546925573	trials	Low-rate	8	correct	True	0.6613310000002384	0.7654970000004396	1.7654970000004395	1.821158999999985	2.312156999999657	2.7913219999996945
0.034015229772723206	3.2686084142394827	trials	Low-rate	12	correct	True	0.6348309999993071	0.8058319999985397	1.8058319999985397	1.8843269999995829	2.426824999999255	2.8104899999992923
0.03418022977339255	3.9805825242718456	trials	High-rate	21	correct	True	0.6708299999999581	0.7894969999999739	1.789496999999974	1.9323260000000009	3.0451539999998642	3.5066519999998853
0.03418022977344257	8.4789644012945	trials	High-rate	17	incorrect	True	3.699818999999901	3.8649839999999385	4.8649839999999385	4.959313000000082	5.650976999999956	6.0591419999999925
0.03418022977416472	4.336569579288027	trials	High-rate	25	correct	True	1.642492999999784	1.7618259999994188	2.761825999999419	2.7663219999996946	3.5606519999997692	3.8771510000005365
0.03434622977347821	5.8899676375404555	trials	Low-rate	12	incorrect	True	0.4613309999993071	0.5571650000000372	1.5571650000000372	1.686658999999985	2.153496999999508	2.4506569999996572
0.03434622977347821	2.9773462783171527	trials	Low-rate	7	correct	True	0.4361650000000373	0.6299979999996722	1.629997999999672	1.7291599999996834	2.125657999999821	2.515656999999657
0.03434622977347821	2.815533980582525	trials	Low-rate	7	correct	True	0.4371650000000373	0.5238310000002384	1.5238310000002384	1.6049929999997838	1.9764920000000856	2.3741569999996575
0.03434622977347821	2.783171521035599	trials	Low-rate	15	correct	True	0.4608329999996349	0.598331999999471	1.598331999999471	1.6893279999997466	1.9414939999990166	2.32249199999962
0.03434622977347821	2.783171521035599	trials	Low-rate	7	correct	True	0.4608320000013337	0.4916650000009686	1.4916650000009686	1.5744930000007153	1.9516580000007524	2.3456570000005885
0.03434722977344022	4.3042071197411005	trials	Low-rate	7	correct	True	1.8771600000000326	2.0174920000000856	3.0174920000000856	3.168488000000012	3.5721530000000494	3.85481799999997
0.03434722977349115	5.728155339805826	trials	High-rate	24	correct	True	2.9729879999998956	3.1568209999999963	4.156820999999996	4.199315999999875	4.964814000000013	5.2689790000000505
0.03451422977269026	3.3980582524271847	trials	Low-rate	7	correct	True	0.8153300000000745	0.9088300000000745	1.9088300000000744	2.0183259999994188	2.552656999999657	2.9448219999996947
0.0346802297734444	8.964401294498384	trials	High-rate	26	no decision	False						
0.03468022977354808	5.339805825242719	trials	High-rate	21	correct	True	2.8629880000001284	2.971320999999996	3.971320999999996	4.069820999999997	4.607647000000114	4.911812000000151
0.03468022977362811	6.4724919093851145	trials	Low-rate	9	incorrect	True	1.304160000000149	1.4088279999999795	2.4088279999999793	2.4153230000000914	3.7711510000000708	4.070149999999907
0.034681229773433686	3.559870550161813	trials	High-rate	18	correct	True	1.0913289999999105	1.252494999999879	2.252494999999879	2.268157999999821	2.797488999999827	3.1114879999998957
0.034846229773303594	3.6569579288025893	trials	Low-rate	7	correct	True	1.393661000000313	1.439661000000313	2.4396610000003127	2.548323000000324	2.809655000000261	3.1936540000005627
0.03484822977333856	3.9805825242718456	trials	Low-rate	6	correct	True	1.216162000000011	1.3729940000001806	2.3729940000001806	2.4338229999998586	3.103486999999965	3.509319000000134
0.03501422977342331	5.760517799352751	trials	High-rate	19	correct	True	2.5951569999998902	2.689489999999991	3.689489999999991	3.7118190000001343	4.385314999999944	5.31964599999995
0.03501522977340623	3.786407766990292	trials	High-rate	25	correct	True	0.9946639999999898	1.0083310000000056	2.0083310000000054	2.09532500000007	2.943822000000044	3.355320000000065
0.035180229773441665	4.5631067961165055	trials	Low-rate	6	correct	True	1.9338259999998846	2.0404919999999693	3.0404919999999693	3.1611539999999803	3.844817999999854	4.125649999999907
0.03518022977345531	2.5889967637540456	trials	Low-rate	9	no center lick	False	1.7483259999998846					
0.03518022977348396	7.152103559870551	trials	Low-rate	8	incorrect	True	1.8339930000000169	1.874158999999985	2.874158999999985	2.999987999999954	3.607484999999986	4.719480999999971
0.03518022977348487	6.731391585760519	trials	Low-rate	9	correct	True	3.6549890000000014	3.7824860000000333	4.782486000000033	4.83181600000005	5.794312000000034	6.283976000000024
0.035181229773553736	4.724919093851134	trials	High-rate	23	incorrect	True	0.43683099999977276	0.4926639999998733	1.4926639999998734	1.5268270000000483	1.9466589999995194	2.3206569999996574
0.03518422977365985	5.177993527508092	trials	Low-rate	10	incorrect	True	0.46066500000003724	0.5789980000001378	1.5789980000001378	1.596160000000149	2.3903240000000223	2.736156000000425
0.03534122977360452	2.912621359223301	trials	High-rate	26	correct	True	0.4374929999997839	0.5633259999998845	1.5633259999998845	1.6514889999995939	2.1743199999998324	2.4629849999998696
0.03534622977347821	5.242718446601943	trials	High-rate	23	incorrect	True	0.4613319999999367	0.6163310000002384	1.6163310000002384	1.6288270000000484	2.277157999999821	2.8094890000000596
0.03534622977347821	5.080906148867315	trials	High-rate	24	incorrect	True	0.46066500000003724	0.6003310000002384	1.6003310000002384	1.7008269999995829	2.1199909999999216	2.654155999999959
0.03534622977347821	3.0420711974110035	trials	High-rate	26	correct	True	0.4608320000013337	0.5751650000009686	1.5751650000009685	1.667160000000149	2.3076580000007527	2.6039900000011547
0.03534722977273991	12.459546925566345	trials	Low-rate	6	correct	True	9.704961999999359	9.759460999999195	10.759460999999195	10.859291000000201	11.61895399999991	12.022951999999583
0.03534722977336564	5.33980582524272	trials	Low-rate	6	correct	True	2.814654999999795	2.9103219999999275	3.9103219999999275	3.92681799999997	4.4749819999998435	4.885482999999774
0.03534722977341839	6.407766990291263	trials	High-rate	24	incorrect	True	1.8186599999999162	1.830159999999916	2.8301599999999163	2.948155999999959	3.5818199999998326	3.982318000000203
0.03534722977342385	3.851132686084143	trials	Low-rate	6	correct	True	1.5341610000007786	1.5414939999999477	2.5414939999999477	2.65482300000079	3.0388209999999964	3.418320000000764
0.03534722977352571	3.5598705501618126	trials	Low-rate	11	no center lick	False	3.0414869999988006					
0.035347229773589374	3.2686084142394827	trials	Low-rate	9	correct	True	0.4369989999998361	0.627497999999905	1.627497999999905	1.773659999999916	2.289490999999922	2.792155999999959
0.03534822977401704	3.624595469255664	trials	High-rate	27	correct	True	1.0981629999997093	1.2074950000001117	2.2074950000001117	2.286990999999456	2.8983219999996943	3.1948209999995307
0.035513229773213924	3.6245954692556634	trials	High-rate	21	correct	True	0.7393299999996088	0.7741639999998733	1.7741639999998733	1.8324920000000857	2.8353219999996946	3.164653999999631
0.03551322977331397	4.724919093851134	trials	High-rate	23	correct	True	1.0844939999999479	1.2024950000001118	2.202495000000112	2.3084910000001546	2.831655999999959	4.267149999999907
0.035681229773419136	4.045307443365696	trials	High-rate	20	correct	True	1.1838279999999795	1.231994999999879	2.2319949999998787	2.3669899999999906	3.2848199999998324	3.57531799999997
0.035682229773490275	3.1067961165048543	trials	Low-rate	6	no decision	False						
0.035846229772881585	6.116504854368933	trials	High-rate	25	incorrect	True	1.6109939999990166	1.739660000000149	2.739660000000149	2.7758219999996947	3.2954869999988006	3.690651999999769
0.03584722977423148	3.495145631067962	trials	Low-rate	6	correct	True	1.1378270000005142	1.2554950000001117	2.2554950000001117	2.2918240000000223	2.6858220000006257	3.0478210000004617
0.0360132297734031	3.721682847896441	trials	Low-rate	6	correct	True	1.04999599999981	1.1701619999997783	2.1701619999997783	2.3056579999998212	2.969321999999927	3.2513209999997637
0.03601322977341219	3.915857605177994	trials	High-rate	27	correct	True	1.1153289999999105	1.237159999999916	2.2371599999999163	2.3688230000000914	3.1633199999998323	3.463652999999933
0.03601322977343038	3.915857605177994	trials	High-rate	27	correct	True	0.9054960000000428	0.9576630000001751	1.9576630000001751	2.1109909999999217	3.1054869999999646	3.4459860000000337
0.03617922977352605	4.207119741100325	trials	High-rate	26	correct	True	1.410493999999948	1.5411599999999162	2.541159999999916	2.6334890000000595	3.428152999999933	3.75631799999997
0.03618022977334435	7.216828478964403	trials	High-rate	24	incorrect	True	2.5181569999998903	2.5418230000000914	3.5418230000000914	3.6298189999999013	4.3964819999998435	4.792314000000013
0.03618022977349169	5.954692556634305	trials	Low-rate	6	correct	True	3.359825000000012	3.4704860000000335	4.470486000000034	4.568814000000072	5.0974790000000505	5.490978000000061
0.03618122977344005	2.7831715210355994	trials	Low-rate	7	correct	True	0.43716200000001115	0.5031609999999637	1.5031609999999638	1.5139909999999217	1.9248219999999274	2.3353199999999488
0.03634522977336705	2.9126213592233015	trials	Low-rate	7	correct	True	0.4604969999997411	0.48682999999984167	1.4868299999998418	1.5258259999996517	2.06565699999989	2.456655999999726
0.036345229773594424	2.815533980582525	trials	Low-rate	6	correct	True	0.4363340000002645	0.5140019999998622	1.5140019999998622	1.600492999999784	2.003658000000287	2.3919900000002237
0.03634622977347821	8.4789644012945	trials	High-rate	27	incorrect	True	0.4366650000000373	0.4488309999997728	1.4488309999997728	1.4886599999996835	1.9254920000000857	2.4683229999998586
0.03634622977347821	2.9773462783171527	trials	High-rate	26	correct	True	0.43683100000023845	0.6571680000000634	1.6571680000000633	1.738160000000149	2.2373240000000223	2.5214900000002234
0.036346229773601905	5.210355987055017	trials	High-rate	25	incorrect	True	0.7259969999999739	0.7983300000000745	1.7983300000000746	1.8918250000001862	2.4024899999997578	2.7828220000001602
0.036347229773516614	3.333333333333334	trials	Low-rate	9	correct	True	0.5664969999999739	0.6958310000000056	1.6958310000000056	1.819658999999985	2.4743240000000224	2.8864880000001287
0.03651222977346474	3.624595469255664	trials	Low-rate	7	no decision	False						
0.036846229773350885	5.857605177993529	trials	Low-rate	6	correct	True	3.131157999999821	3.234819999999832	4.234819999999832	4.3273149999999445	5.01214599999995	5.421145000000019
0.036846229773460026	6.440129449838189	trials	High-rate	27	correct	True	3.713318000000203	3.83481799999997	4.83481799999997	4.926813000000082	5.709144000000087	6.003476000000024
0.03684722977311098	6.4724919093851145	trials	High-rate	25	incorrect	True	2.227156999998726	2.339823999999091	3.339823999999091	3.4106519999988376	4.331481999998912	4.719978999999352
0.03684722977343113	5.760517799352751	trials	High-rate	18	correct	True	3.2058200000000654	3.3531529999999328	4.353152999999933	4.353316000000108	4.979146999999881	5.284812000000151
0.03684722977346432	4.207119741100324	trials	High-rate	27	correct	True	1.7521639999999898	1.823994000000006	2.823994000000006	2.8469890000000015	3.475820000000007	3.7674860000000336
0.03684722977349661	5.339805825242719	trials	High-rate	23	incorrect	True	0.6006650000000373	0.7186639999998733	1.7186639999998734	1.8004930000007153	2.4299910000003875	2.9326550000002607
0.036847229773558456	4.239482200647251	trials	Low-rate	12	correct	True	1.5681599999999163	1.6154930000000167	2.6154930000000167	2.728155999999959	3.384152999999933	3.7818199999998323
0.037013229772628206	4.0453074433656955	trials	High-rate	27	incorrect	True	0.7449969999995083	0.8546629999987782	1.854662999998778	1.914824999999255	2.312156999998726	2.592655999999493
0.037014229773410574	3.980582524271845	trials	High-rate	26	correct	True	1.317994999999879	1.4119939999999478	2.411993999999948	2.5503229999998585	3.2218199999998323	3.5294859999998005
0.03701522977306517	7.281553398058254	trials	High-rate	22	correct	True	4.683981999999843	4.808149000000209	5.808149000000209	5.899310999999754	6.512307999999263	6.817473999999463
0.037346229773478214	4.822006472491911	trials	High-rate	27	incorrect	True	0.4371650000000373	0.5479979999996721	1.5479979999996722	1.630660000000149	2.0204920000000857	2.4113240000000222
0.037347229773486604	3.4304207119741106	trials	High-rate	22	correct	True	0.5001650000000373	0.5433310000000056	1.5433310000000056	1.6506600000000327	2.5658230000000914	2.978155000000028
0.03751422977355973	4.142394822006473	trials	High-rate	27	correct	True	1.23616100000008	1.309328000000096	2.3093280000000957	2.4601570000001227	3.246154000000097	3.6724850000001026
0.037681229773288166	3.495145631067962	trials	High-rate	17	correct	True	0.6656650000000373	0.8461650000000372	1.8461650000000374	1.963160000000149	2.5888240000000224	3.0274890000000596
0.03801022977352618	4.660194174757282	trials	High-rate	27	correct	True	1.4784950000001118	1.5718240000000223	2.5718240000000225	2.7081529999999328	3.8939810000001454	4.191480000000214
0.03801322977411978	8.220064724919096	trials	High-rate	22	incorrect	True	3.573819000000134	3.7064860000000337	4.706485999999568	4.771648000000044	5.147979000000283	5.511978000000119
0.03817822977338578	3.5275080906148872	trials	Low-rate	7	correct	True	1.2546610000000802	1.2911609999998472	2.2911609999998475	2.313155999999959	2.692821999999927	3.0681540000000966
0.03818022977334435	4.595469255663431	trials	High-rate	27	correct	True	1.7414930000000168	1.7986599999999162	2.798659999999916	2.805823000000091	3.8513179999999703	4.135984000000171
0.03818022977390278	3.333333333333334	trials	High-rate	27	correct	True	0.6298310000002384	0.7431630000006407	1.7431630000006408	1.8366590000009164	2.3239910000003876	2.886655000000261
0.03818122977384841	4.595469255663431	trials	High-rate	27	correct	True	2.002824000000022	2.0418250000001863	3.0418250000001863	3.1139879999998956	3.707484999999404	4.1559840000001715
0.03834622977345229	5.92233009708738	trials	Low-rate	9	correct	True	3.5236510000000125	3.6179850000000444	4.617985000000044	4.6291479999999865	5.024311999999976	5.496643999999971
0.038346229773478215	3.495145631067962	trials	High-rate	26	no decision	False						
0.038346229773478215	2.8802588996763756	trials	High-rate	26	correct	True	0.43699800000013783	0.5624980000001378	1.5624980000001378	1.6703270000005142	2.1538240000000224	2.4404890000000594
0.0383482297734095	5.533980582524274	trials	High-rate	24	correct	True	2.439157000000123	2.5733230000000913	3.5733230000000913	3.6874860000000336	4.648814000000013	5.082480000000214
0.038350229773468116	2.783171521035599	trials	Low-rate	7	correct	True	0.460831999999471	0.5546639999994076	1.5546639999994076	1.5569939999999478	2.04349199999962	2.333156999999657
0.03851222977344655	4.627831715210357	trials	High-rate	25	correct	True	1.7558249999999533	1.850158999999985	2.850158999999985	2.8513209999999964	3.7721510000000706	4.191487000000081
0.03851222977348384	3.495145631067962	trials	Low-rate	6	correct	True	0.7954969999999739	0.8594959999999264	1.8594959999999263	1.9734919999999692	2.528322999999975	3.040320999999996
0.038513229773424924	3.786407766990292	trials	High-rate	26	correct	True	1.1831620000000111	1.3094939999999478	2.309493999999948	2.3878240000000224	3.0066580000002867	3.324652999999933
0.038680229773482594	5.113268608414241	trials	High-rate	27	incorrect	True	0.7191629999999423	0.7273300000000745	1.7273300000000744	1.7828260000001173	2.301157000000123	2.694156000000192
0.03884722977340202	7.184466019417477	trials	Low-rate	11	correct	True	4.5301490000002085	4.75848099999968	5.75848099999968	5.85130999999959	6.215141999999992	6.72230700000003
0.038847229773583916	5.40453074433657	trials	Low-rate	7	correct	True	2.9694890000000598	3.1143209999995305	4.1143209999995305	4.189484000000172	4.587648999999277	4.963479999999516
0.03901422977402903	6.893203883495147	trials	Low-rate	8	correct	True	4.524648000000976	4.614148000000976	5.614148000000976	5.659645000000484	6.047313000000082	6.415808000001125
0.03918122977347734	6.666666666666668	trials	Low-rate	11	incorrect	True	1.0726680000000632	1.185662000000011	2.1856620000000113	2.261990999999922	2.654322999999975	4.1606500000000235
0.0391812297734828	3.9482200647249197	trials	High-rate	27	correct	True	1.2256620000000111	1.2299939999999479	2.2299939999999476	2.2821579999998214	3.2038199999998325	3.494652999999933
0.039346229773478215	4.8220064724919105	trials	High-rate	27	incorrect	True	0.46066400000010616	0.5514969999999739	1.551496999999974	1.6104930000000168	2.0119920000000855	2.3958229999998584
0.039346229774183984	3.203883495145632	trials	Low-rate	7	correct	True	0.8603300000000745	0.8648300000000745	1.8648300000000746	1.9958250000001863	2.3646570000005886	2.772821000000462
0.039847229773354725	4.110032362459548	trials	Low-rate	6	correct	True	1.8843249999999534	1.9729909999996889	2.972990999999689	2.9774879999998958	3.373818999999901	3.655152000000002
0.039847229773525714	8.122977346278319	trials	High-rate	20	no second commit	False	0.594496999999974	0.6863300000000745	1.6863300000000745	1.7471579999998212	3.168654000000097	
0.040015229773466714	8.478964401294501	trials	High-rate	27	no decision	False						
0.0403462297736019	6.343042071197413	trials	Low-rate	14	incorrect	True	1.9208240000000223	1.9451580000002868	2.945158000000287	2.9564880000001286	3.6194850000001026	3.9139839999999384
0.040512229773455644	6.181229773462784	trials	High-rate	24	incorrect	True	1.3288270000000484	1.471160000000149	2.471160000000149	2.5661560000001917	3.3599860000000334	3.7819839999999387
0.04068122977351827	4.5631067961165055	trials	High-rate	24	correct	True	1.742826999999932	1.8551600000000326	2.8551600000000326	2.9144889999999433	3.671152000000002	4.097317000000039
0.04084722977345295	6.278317152103561	trials	High-rate	25	correct	True	3.0179870000001974	3.134486999999732	4.134486999999732	4.163649999999907	5.526143999999855	5.825643000000157
0.04101422977348334	8.77022653721683	trials	Low-rate	7	incorrect	True	3.9618179999999703	4.0888179999999705	5.0888179999999705	5.163646999999881	6.0768089999998915	6.36797499999986
0.04101422977357429	4.595469255663431	trials	Low-rate	7	correct	True	2.016658999999985	2.070325000000186	3.070325000000186	3.0853209999999964	3.73781799999997	4.155149999999907
0.04118022977342985	4.0129449838187705	trials	High-rate	24	correct	True	1.1733289999996777	1.1983289999999105	2.1983289999999105	2.336824000000022	3.247153999999631	3.5671529999999327
0.041513229773195735	9.190938511326861	trials	High-rate	17	incorrect	True	4.014651000000071	4.0183179999999705	5.0183179999999705	5.035813000000082	5.392145000000019	5.7709769999994895
0.04184722977355845	3.2038834951456314	trials	Low-rate	6	correct	True	0.607496999999974	0.7348300000000745	1.7348300000000745	1.783658999999985	2.2188230000000915	2.7489890000000594
0.041848229773564116	5.1132686084142405	trials	Low-rate	10	correct	True	1.8911600000000326	1.994326000000001	2.994326000000001	3.119488000000012	3.6698190000000177	4.65231500000006
0.04284622977336726	3.300970873786408	trials	Low-rate	7	correct	True	0.6203309999997727	0.8219969999999739	1.8219969999999739	1.9596589999997522	2.337490999999922	2.8468219999999276
0.04301422977345014	3.624595469255664	trials	High-rate	27	correct	True	0.8358299999999581	0.9104969999999739	1.910496999999974	2.024157999999996	2.86115499999997	3.163320000000007
n/a	n/a	trials	High-rate	18	no decision	False						
n/a	n/a	trials	High-rate	25	no decision	False						
n/a	n/a	trials	Low-rate	6	no decision	False						
